YEAR,MAKE,MODEL,VEHICLE CLASS,ENGINE SIZE,CYLINDERS,TRANSMISSION,FUEL,FUEL CONSUMPTION,HWY (L/100 km),COMB (L/100 km),COMB (mpg),EMISSIONS
2000,ACURA,1.6EL,COMPACT,1.6,4,A4,X,9.2,6.7,8.1,35,186
2000,ACURA,1.6EL,COMPACT,1.6,4,M5,X,8.5,6.5,7.6,37,175
2000,ACURA,3.2TL,MID-SIZE,3.2,6,AS5,Z,12.2,7.4,10.0,28,230
2000,ACURA,3.5RL,MID-SIZE,3.5,6,A4,Z,13.4,9.2,11.5,25,264
2000,ACURA,INTEGRA,SUBCOMPACT,1.8,4,A4,X,10.0,7.0,8.6,33,198
2000,ACURA,INTEGRA,SUBCOMPACT,1.8,4,M5,X,9.3,6.8,8.2,34,189
2000,ACURA,INTEGRA GSR/TYPE R,SUBCOMPACT,1.8,4,M5,Z,9.4,7.0,8.3,34,191
2000,ACURA,NSX,SUBCOMPACT,3.0,6,AS4,Z,13.6,9.2,11.6,24,267
2000,ACURA,NSX,SUBCOMPACT,3.2,6,M6,Z,13.8,9.1,11.7,24,269
2000,AUDI,A4,COMPACT,1.8,4,A5,Z,11.4,7.2,9.5,30,218
2000,AUDI,A4,COMPACT,1.8,4,M5,Z,9.7,6.8,8.4,34,193
2000,AUDI,A4,COMPACT,2.8,6,A5,Z,13.0,8.2,10.8,26,248
2000,AUDI,A4,COMPACT,2.8,6,M5,Z,11.7,7.5,9.8,29,225
2000,AUDI,A4 QUATTRO,COMPACT,1.8,4,A5,Z,12.1,7.7,10.1,28,232
2000,AUDI,A4 QUATTRO,COMPACT,1.8,4,M5,Z,10.7,7.5,9.3,30,214
2000,AUDI,A4 QUATTRO,COMPACT,2.8,6,A5,Z,13.3,8.5,11.1,25,255
2000,AUDI,A4 QUATTRO,COMPACT,2.8,6,M5,Z,12.7,8.7,10.9,26,251
2000,AUDI,A6,MID-SIZE,2.8,6,A5,Z,13.4,8.6,11.2,25,258
2000,AUDI,A6 AVANT QUATTRO,STATION WAGON - MID-SIZE,2.8,6,A5,Z,13.8,9.1,11.7,24,269
2000,AUDI,A6 QUATTRO,MID-SIZE,2.7,6,A5,Z,13.6,9.0,11.5,25,264
2000,AUDI,A6 QUATTRO,MID-SIZE,2.7,6,M6,Z,13.6,9.1,11.6,24,267
2000,AUDI,A6 QUATTRO,MID-SIZE,2.8,6,A5,Z,13.8,9.1,11.7,24,269
2000,AUDI,A6 QUATTRO,MID-SIZE,2.8,6,M5,Z,13.0,9.2,11.3,25,260
2000,AUDI,A6 QUATTRO,MID-SIZE,4.2,8,A5,Z,13.9,9.1,11.7,24,269
2000,AUDI,A8 QUATTRO,MID-SIZE,4.2,8,A5,Z,13.9,9.1,11.7,24,269
2000,AUDI,S4 QUATTRO,COMPACT,2.7,6,A5,Z,13.6,9.0,11.5,25,264
2000,AUDI,S4 QUATTRO,COMPACT,2.7,6,M6,Z,13.6,9.1,11.6,24,267
2000,AUDI,TT COUPE QUATTRO,MINICOMPACT,1.8,4,M5,Z,11.6,7.6,9.8,29,225
2000,AUDI,TT COUPE QUATTRO (SUPERCHARGED),MINICOMPACT,1.8,4,M6,Z,11.6,7.7,9.8,29,225
2000,AUDI,TT ROADSTER,TWO-SEATER,1.8,4,M5,Z,10.9,7.3,9.3,30,214
2000,AUDI,TT ROADSTER QUATTRO (SUPERCHARGED),TWO-SEATER,1.8,4,M6,Z,11.6,7.7,9.8,29,225
2000,BMW,323 CONVERTIBLE,COMPACT,2.5,6,A5,Z,13.0,8.9,11.2,25,258
2000,BMW,323 CONVERTIBLE,COMPACT,2.5,6,M5,Z,12.4,8.6,10.7,26,246
2000,BMW,323Ci,COMPACT,2.5,6,A5,Z,12.3,7.8,10.3,27,237
2000,BMW,323Ci,COMPACT,2.5,6,M5,Z,11.5,7.5,9.7,29,223
2000,BMW,323i,COMPACT,2.5,6,A5,Z,12.3,7.8,10.3,27,237
2000,BMW,323i,COMPACT,2.5,6,M5,Z,11.5,7.5,9.7,29,223
2000,BMW,328Ci,COMPACT,2.8,6,A5,Z,12.4,7.9,10.4,27,239
2000,BMW,328Ci,COMPACT,2.8,6,M5,Z,11.5,7.5,9.7,29,223
2000,BMW,328i,COMPACT,2.8,6,A5,Z,12.4,7.9,10.4,27,239
2000,BMW,328i,COMPACT,2.8,6,M5,Z,11.5,7.5,9.7,29,223
2000,BMW,528i,COMPACT,2.8,6,A4,Z,13.0,8.4,10.9,26,251
2000,BMW,528i,COMPACT,2.8,6,M5,Z,11.5,7.5,9.7,29,223
2000,BMW,528i TOURING,STATION WAGON - SMALL,2.8,6,A4,Z,13.0,8.4,10.9,26,251
2000,BMW,528i TOURING,STATION WAGON - SMALL,2.8,6,M5,Z,12.9,8.3,10.8,26,248
2000,BMW,540i,COMPACT,4.4,8,A5,Z,13.1,8.8,11.2,25,258
2000,BMW,540i,COMPACT,4.4,8,M6,Z,14.7,9.1,12.2,23,281
2000,BMW,540i TOURING,STATION WAGON - SMALL,4.4,8,A5,Z,13.9,10.1,12.2,23,281
2000,BMW,740i,MID-SIZE,4.4,8,A5,Z,13.8,9.2,11.7,24,269
2000,BMW,740iL,FULL-SIZE,4.4,8,A5,Z,13.8,9.2,11.7,24,269
2000,BMW,750iL,FULL-SIZE,5.4,12,A5,Z,17.3,10.8,14.4,20,331
2000,BMW,M COUPE,TWO-SEATER,3.2,6,M5,Z,12.4,8.5,10.6,27,244
2000,BMW,M ROADSTER,MINICOMPACT,3.2,6,M5,Z,12.4,8.5,10.6,27,244
2000,BMW,M5,COMPACT,4.9,8,M6,Z,17.7,10.4,14.4,20,331
2000,BMW,X5,SUV,4.4,8,A5,Z,13.3,8.6,11.2,25,258
2000,BMW,Z3,SUBCOMPACT,2.5,6,A4,Z,12.5,8.3,10.6,27,244
2000,BMW,Z3,SUBCOMPACT,2.5,6,M5,Z,11.9,8.0,10.1,28,232
2000,BMW,Z3,SUBCOMPACT,2.8,6,A4,Z,12.4,8.4,10.6,27,244
2000,BMW,Z3,SUBCOMPACT,2.8,6,M5,Z,12.4,8.4,10.6,27,244
2000,BMW,Z8,TWO-SEATER,4.9,8,M6,Z,17.4,11.1,14.6,19,336
2000,BUICK,CENTURY,MID-SIZE,3.1,6,A4,X,11.6,7.3,9.7,29,223
2000,BUICK,LESABRE,FULL-SIZE,3.8,6,A4,X,12.3,7.3,10.0,28,230
2000,BUICK,PARK AVENUE,FULL-SIZE,3.8,6,A4,X,12.8,7.7,10.5,27,242
2000,BUICK,PARK AVENUE #,FULL-SIZE,3.8,6,A4,Z,13.5,8.0,11.0,26,253
2000,BUICK,REGAL,MID-SIZE,3.8,6,A4,X,12.0,7.4,9.9,29,228
2000,BUICK,REGAL #,MID-SIZE,3.8,6,A4,Z,13.5,8.0,11.0,26,253
2000,CADILLAC,CATERA,MID-SIZE,3.0,6,A4,Z,13.1,8.8,11.2,25,258
2000,CADILLAC,DEVILLE,FULL-SIZE,4.6,8,A4,Z,13.9,8.1,11.3,25,260
2000,CADILLAC,ELDORADO,MID-SIZE,4.6,8,A4,Z,13.9,8.1,11.3,25,260
2000,CADILLAC,ESCALADE 4X4,SUV,5.7,8,A4,X,19.2,13.4,16.6,17,382
2000,CADILLAC,SEVILLE,MID-SIZE,4.6,8,A4,Z,13.9,8.1,11.3,25,260
2000,CHEVROLET,ASTRO AWD CARGO,VAN - CARGO,4.3,6,A4,X,15.3,11.1,13.4,21,308
2000,CHEVROLET,ASTRO AWD PASSENGER,VAN - PASSENGER,4.3,6,A4,X,15.7,11.4,13.8,20,317
2000,CHEVROLET,ASTRO CARGO,VAN - CARGO,4.3,6,A4,X,14.5,10.8,12.8,22,294
2000,CHEVROLET,ASTRO PASSENGER,VAN - PASSENGER,4.3,6,A4,X,15.9,11.9,14.1,20,324
2000,CHEVROLET,BLAZER,SUV,4.3,6,A4,X,14.5,10.8,12.8,22,294
2000,CHEVROLET,BLAZER,SUV,4.3,6,M5,X,14.6,9.9,12.5,23,288
2000,CHEVROLET,BLAZER 4X4,SUV,4.3,6,A4,X,15.2,11.1,13.4,21,308
2000,CHEVROLET,BLAZER 4X4,SUV,4.3,6,M5,X,16.9,12.4,14.9,19,343
2000,CHEVROLET,C1500 SILVERADO,PICKUP TRUCK - STANDARD,4.3,6,A4,X,15.9,11.9,14.1,20,324
2000,CHEVROLET,C1500 SILVERADO,PICKUP TRUCK - STANDARD,4.3,6,M5,X,16.7,12.3,14.7,19,338
2000,CHEVROLET,C1500 SILVERADO,PICKUP TRUCK - STANDARD,4.8,8,A4,X,14.6,10.4,12.7,22,292
2000,CHEVROLET,C1500 SILVERADO,PICKUP TRUCK - STANDARD,4.8,8,M5,X,17.1,11.0,14.4,20,331
2000,CHEVROLET,C1500 SILVERADO,PICKUP TRUCK - STANDARD,5.3,8,A4,X,15.0,10.8,13.1,22,301
2000,CHEVROLET,C2500 SILVERADO,PICKUP TRUCK - STANDARD,5.3,8,A4,X,16.1,12.0,14.3,20,329
2000,CHEVROLET,C2500 SILVERADO,PICKUP TRUCK - STANDARD,6.0,8,A4,X,19.4,13.6,16.8,17,386
2000,CHEVROLET,CAMARO,SUBCOMPACT,3.8,6,A4,X,12.4,7.5,10.2,28,235
2000,CHEVROLET,CAMARO,SUBCOMPACT,3.8,6,M5,X,12.2,7.1,9.9,29,228
2000,CHEVROLET,CAMARO,SUBCOMPACT,5.7,8,A4,Z,13.8,9.1,11.7,24,269
2000,CHEVROLET,CAMARO,SUBCOMPACT,5.7,8,M6,Z,13.1,8.1,10.8,26,248
2000,CHEVROLET,CAVALIER,SUBCOMPACT,2.2,4,A4,X,10.2,6.9,8.7,32,200
2000,CHEVROLET,CAVALIER,SUBCOMPACT,2.2,4,M5,X,10.8,6.5,8.9,32,205
2000,CHEVROLET,CAVALIER,SUBCOMPACT,2.4,4,A4,X,11.0,7.4,9.4,30,216
2000,CHEVROLET,CAVALIER,SUBCOMPACT,2.4,4,M5,X,10.7,6.5,8.8,32,202
2000,CHEVROLET,CAVALIER BIFUEL,SUBCOMPACT,2.2,4,A3,X,10.4,7.5,9.1,31,209
2000,CHEVROLET,CORVETTE,SUBCOMPACT,5.7,8,A4,Z,13.9,9.1,11.7,24,269
2000,CHEVROLET,CORVETTE,SUBCOMPACT,5.7,8,M6,Z,12.8,7.9,10.6,27,244
2000,CHEVROLET,G15/G25 CHEVY VAN,VAN - CARGO,4.3,6,A4,X,16.0,11.9,14.2,20,327
2000,CHEVROLET,G15/G25 CHEVY VAN,VAN - CARGO,5.0,8,A4,X,16.4,11.8,14.3,20,329
2000,CHEVROLET,G15/G25 CHEVY VAN,VAN - CARGO,5.7,8,A4,X,17.4,12.7,15.3,18,352
2000,CHEVROLET,G1500/G2500 CHEVY EXPRESS,VAN - PASSENGER,4.3,6,A4,X,16.5,12.2,14.6,19,336
2000,CHEVROLET,G1500/G2500 CHEVY EXPRESS,VAN - PASSENGER,5.0,8,A4,X,16.7,12.3,14.7,19,338
2000,CHEVROLET,G1500/G2500 CHEVY EXPRESS,VAN - PASSENGER,5.7,8,A4,X,18.7,13.6,16.4,17,377
2000,CHEVROLET,IMPALA,FULL-SIZE,3.4,6,A4,X,12.1,7.2,9.9,29,228
2000,CHEVROLET,IMPALA,FULL-SIZE,3.8,6,A4,X,12.0,7.4,9.9,29,228
2000,CHEVROLET,K1500 SILVERADO 4X4,PICKUP TRUCK - STANDARD,4.3,6,A4,X,15.3,11.1,13.4,21,308
2000,CHEVROLET,K1500 SILVERADO 4X4,PICKUP TRUCK - STANDARD,4.3,6,M5,X,16.9,12.4,14.9,19,343
2000,CHEVROLET,K1500 SILVERADO 4X4,PICKUP TRUCK - STANDARD,4.8,8,A4,X,15.6,12.0,14.0,20,322
2000,CHEVROLET,K1500 SILVERADO 4X4,PICKUP TRUCK - STANDARD,4.8,8,M5,X,18.2,12.5,15.6,18,359
2000,CHEVROLET,K1500 SILVERADO 4X4,PICKUP TRUCK - STANDARD,5.3,8,A4,X,16.2,12.3,14.4,20,331
2000,CHEVROLET,K1500 TAHOE 4X4,SUV,5.7,8,A4,X,19.1,13.6,16.6,17,382
2000,CHEVROLET,LUMINA/MONTE CARLO,MID-SIZE,3.4,6,A4,X,12.1,7.2,9.9,29,228
2000,CHEVROLET,LUMINA/MONTE CARLO,MID-SIZE,3.8,6,A4,X,12.0,7.4,9.9,29,228
2000,CHEVROLET,MALIBU,MID-SIZE,3.1,6,A4,X,11.6,7.3,9.7,29,223
2000,CHEVROLET,METRO,SUBCOMPACT,1.0,3,M5,X,6.0,4.5,5.3,53,122
2000,CHEVROLET,METRO,SUBCOMPACT,1.3,4,A3,X,7.8,6.2,7.1,40,163
2000,CHEVROLET,METRO,SUBCOMPACT,1.3,4,M5,X,6.4,4.9,5.7,50,131
2000,CHEVROLET,NEW C1500 SUBURBAN,SUV,5.3,8,A4,X,17.1,12.5,15.0,19,345
2000,CHEVROLET,NEW C1500 TAHOE,SUV,4.8,8,A4,X,16.9,12.7,15.0,19,345
2000,CHEVROLET,NEW C1500 TAHOE,SUV,5.3,8,A4,X,17.1,12.5,15.0,19,345
2000,CHEVROLET,NEW K1500 TAHOE 4X4,SUV,4.8,8,A4,X,16.9,12.7,15.0,19,345
2000,CHEVROLET,NEW K1500 TAHOE 4X4,SUV,5.3,8,A4,X,17.1,12.6,15.1,19,347
2000,CHEVROLET,S10,PICKUP TRUCK - SMALL,2.2,4,A4,X,12.3,8.4,10.5,27,242
2000,CHEVROLET,S10,PICKUP TRUCK - SMALL,2.2,4,M5,X,10.8,7.4,9.3,30,214
2000,CHEVROLET,S10,PICKUP TRUCK - SMALL,4.3,6,A4,X,13.8,9.7,12.0,24,276
2000,CHEVROLET,S10,PICKUP TRUCK - SMALL,4.3,6,M5,X,14.4,9.7,12.3,23,283
2000,CHEVROLET,S10 4X4,PICKUP TRUCK - STANDARD,4.3,6,A4,X,15.1,10.9,13.2,21,304
2000,CHEVROLET,S10 4X4,PICKUP TRUCK - STANDARD,4.3,6,M5,X,14.6,10.1,12.6,22,290
2000,CHEVROLET,TRACKER 4X4,SUV,2.0,4,A4,X,10.3,8.3,9.4,30,216
2000,CHEVROLET,TRACKER 4X4,SUV,2.0,4,M5,X,10.5,8.5,9.6,29,221
2000,CHEVROLET,TRACKER CONVERTIBLE 4X4,SUV,1.6,4,M5,X,9.2,7.6,8.5,33,196
2000,CHEVROLET,TRACKER CONVERTIBLE 4X4,SUV,2.0,4,A4,X,10.3,8.4,9.4,30,216
2000,CHEVROLET,TRACKER CONVERTIBLE 4X4,SUV,2.0,4,M5,X,10.5,8.5,9.6,29,221
2000,CHEVROLET,VENTURE,MINIVAN,3.4,6,A4,X,12.5,8.4,10.7,26,246
2000,CHRYSLER,300M,FULL-SIZE,3.5,6,AS4,X,12.8,8.2,10.7,26,246
2000,CHRYSLER,CIRRUS,MID-SIZE,2.4,4,A4,X,11.9,7.8,10.1,28,232
2000,CHRYSLER,CIRRUS,MID-SIZE,2.5,6,A4,X,12.1,7.9,10.2,28,235
2000,CHRYSLER,CONCORDE,FULL-SIZE,2.7,6,A4,X,11.7,7.5,9.8,29,225
2000,CHRYSLER,CONCORDE,FULL-SIZE,3.2,6,A4,X,12.6,7.9,10.5,27,242
2000,CHRYSLER,INTREPID,FULL-SIZE,2.7,6,A4,X,11.7,7.5,9.8,29,225
2000,CHRYSLER,INTREPID,FULL-SIZE,2.7,6,AS4,X,11.7,7.4,9.8,29,225
2000,CHRYSLER,INTREPID,FULL-SIZE,3.2,6,AS4,X,12.6,7.8,10.4,27,239
2000,CHRYSLER,INTREPID,FULL-SIZE,3.5,6,AS4,X,12.8,8.2,10.7,26,246
2000,CHRYSLER,LHS,FULL-SIZE,3.5,6,A4,X,13.1,8.3,10.9,26,251
2000,CHRYSLER,NEON,COMPACT,2.0,4,A3,X,9.5,7.0,8.4,34,193
2000,CHRYSLER,NEON,COMPACT,2.0,4,M5,X,8.3,6.2,7.4,38,170
2000,CHRYSLER,PT CRUISER,SUBCOMPACT,2.4,4,A4,X,11.9,8.6,10.4,27,239
2000,CHRYSLER,PT CRUISER,SUBCOMPACT,2.4,4,M5,X,11.7,8.3,10.2,28,235
2000,CHRYSLER,SEBRING,COMPACT,2.5,6,A4,X,12.0,7.8,10.1,28,232
2000,CHRYSLER,SEBRING CONVERTIBLE,COMPACT,2.5,6,A4,X,12.1,7.9,10.2,28,235
2000,CHRYSLER,SEBRING CONVERTIBLE,COMPACT,2.5,6,AS4,X,13.1,8.4,11.0,26,253
2000,CHRYSLER,TOWN & COUNTRY,MINIVAN,3.8,6,A4,X,13.6,9.1,11.6,24,267
2000,CHRYSLER,TOWN & COUNTRY AWD,MINIVAN,3.8,6,A4,X,14.5,9.5,12.2,23,281
2000,DAEWOO,LANOS,SUBCOMPACT,1.5,4,A4,X,9.9,5.9,8.1,35,186
2000,DAEWOO,LANOS,SUBCOMPACT,1.5,4,M5,X,9.0,5.9,7.6,37,175
2000,DAEWOO,LANOS,SUBCOMPACT,1.6,4,A4,X,10.2,6.4,8.5,33,196
2000,DAEWOO,LANOS,SUBCOMPACT,1.6,4,M5,X,9.1,6.0,7.7,37,177
2000,DAEWOO,LEGANZA,COMPACT,2.2,4,A4,X,11.9,7.8,10.0,28,230
2000,DAEWOO,LEGANZA,COMPACT,2.2,4,M5,X,11.6,7.4,9.7,29,223
2000,DAEWOO,NUBIRA,COMPACT,2.0,4,A4,X,10.6,7.1,9.0,31,207
2000,DAEWOO,NUBIRA,COMPACT,2.0,4,M5,X,10.5,6.9,8.8,32,202
2000,DAEWOO,NUBIRA WAGON,STATION WAGON - SMALL,2.0,4,A4,X,10.6,7.1,9.0,31,207
2000,DAEWOO,NUBIRA WAGON,STATION WAGON - SMALL,2.0,4,M5,X,10.5,6.9,8.9,32,205
2000,DODGE,CARAVAN,MINIVAN,3.0,6,A4,X,13.0,8.6,11.0,26,253
2000,DODGE,CARAVAN,MINIVAN,3.3,6,A4,X,12.9,8.6,11.0,26,253
2000,DODGE,CARAVAN,MINIVAN,3.8,6,A4,X,13.6,9.1,11.6,24,267
2000,DODGE,CARAVAN FFV,MINIVAN,3.3,6,A4,X,12.9,8.6,11.0,26,253
2000,DODGE,CARAVAN FFV,MINIVAN,3.3,6,A4,E,18.7,12.1,15.7,18,251
2000,DODGE,DAKOTA,PICKUP TRUCK - STANDARD,3.9,6,A4,X,14.6,10.2,12.6,22,290
2000,DODGE,DAKOTA,PICKUP TRUCK - STANDARD,3.9,6,M5,X,15.1,9.6,12.6,22,290
2000,DODGE,DAKOTA,PICKUP TRUCK - STANDARD,4.7,8,A4,X,15.8,11.0,13.6,21,313
2000,DODGE,DAKOTA,PICKUP TRUCK - STANDARD,4.7,8,M5,X,16.5,10.8,13.9,20,320
2000,DODGE,DAKOTA,PICKUP TRUCK - STANDARD,5.9,8,A4,X,18.9,13.2,16.3,17,375
2000,DODGE,DAKOTA 4X4,PICKUP TRUCK - STANDARD,3.9,6,A4,X,16.3,12.1,14.4,20,331
2000,DODGE,DAKOTA 4X4,PICKUP TRUCK - STANDARD,3.9,6,M5,X,17.3,11.8,14.8,19,340
2000,DODGE,DAKOTA 4X4,PICKUP TRUCK - STANDARD,4.7,8,A4,X,16.5,11.4,14.2,20,327
2000,DODGE,DAKOTA 4X4,PICKUP TRUCK - STANDARD,4.7,8,M5,X,17.0,11.8,14.7,19,338
2000,DODGE,DAKOTA 4X4,PICKUP TRUCK - STANDARD,5.9,8,A4,X,20.3,13.4,17.2,16,396
2000,DODGE,DURANGO 4X4,SUV,4.7,8,A4,X,17.4,12.0,15.0,19,345
2000,DODGE,DURANGO 4X4,SUV,5.9,8,A4,X,20.3,13.4,17.2,16,396
2000,DODGE,DURANGO 5.9 R/T 4X4,SUV,5.9,8,A4,Z,20.3,13.4,17.2,16,396
2000,DODGE,GRAND CARAVAN,MINIVAN,3.0,6,A4,X,13.0,8.6,11.0,26,253
2000,DODGE,GRAND CARAVAN,MINIVAN,3.3,6,A4,X,12.9,8.6,11.0,26,253
2000,DODGE,GRAND CARAVAN,MINIVAN,3.8,6,A4,X,13.6,9.1,11.6,24,267
2000,DODGE,GRAND CARAVAN,MINIVAN,3.8,6,AS4,X,13.9,9.2,11.8,24,271
2000,DODGE,GRAND CARAVAN AWD,MINIVAN,3.8,6,A4,X,14.5,9.5,12.2,23,281
2000,DODGE,GRAND CARAVAN AWD,MINIVAN,3.8,6,AS4,X,14.7,9.6,12.4,23,285
2000,DODGE,GRAND CARAVAN FFV,MINIVAN,3.3,6,A4,X,12.9,8.6,11.0,26,253
2000,DODGE,GRAND CARAVAN FFV,MINIVAN,3.3,6,A4,E,18.7,12.1,15.7,18,251
2000,DODGE,RAM 1500,PICKUP TRUCK - STANDARD,3.9,6,A4,X,15.6,10.7,13.4,21,308
2000,DODGE,RAM 1500,PICKUP TRUCK - STANDARD,3.9,6,M5,X,15.7,10.3,13.3,21,306
2000,DODGE,RAM 1500,PICKUP TRUCK - STANDARD,5.2,8,A4,X,18.1,11.7,15.2,19,350
2000,DODGE,RAM 1500,PICKUP TRUCK - STANDARD,5.2,8,M5,X,18.3,11.5,15.2,19,350
2000,DODGE,RAM 1500,PICKUP TRUCK - STANDARD,5.9,8,A4,X,19.5,12.0,16.1,18,370
2000,DODGE,RAM 1500 4X4,PICKUP TRUCK - STANDARD,5.2,8,A4,X,19.6,13.3,16.8,17,386
2000,DODGE,RAM 1500 4X4,PICKUP TRUCK - STANDARD,5.2,8,M5,X,20.1,13.0,16.9,17,389
2000,DODGE,RAM 1500 4X4,PICKUP TRUCK - STANDARD,5.9,8,A4,X,19.6,12.6,16.4,17,377
2000,DODGE,RAM 1500 VAN,VAN - CARGO,3.9,6,A3,X,15.8,12.9,14.5,19,334
2000,DODGE,RAM 1500 VAN,VAN - CARGO,5.2,8,A4,X,17.7,11.5,14.9,19,343
2000,DODGE,RAM 1500 VAN,VAN - CARGO,5.9,8,A4,X,18.9,13.2,16.3,17,375
2000,DODGE,RAM 1500 WAGON,VAN - PASSENGER,3.9,6,A3,X,16.5,13.3,15.1,19,347
2000,DODGE,RAM 1500 WAGON,VAN - PASSENGER,5.2,8,A4,X,18.1,11.6,15.2,19,350
2000,DODGE,RAM 2500 VAN,VAN - CARGO,5.2,8,A4,X,18.1,11.6,15.2,19,350
2000,DODGE,RAM 2500 VAN,VAN - CARGO,5.9,8,A4,X,19.5,11.9,16.1,18,370
2000,DODGE,RAM 2500 VAN NGV,VAN - CARGO,5.2,8,A4,N,18.9,13.7,16.6,17,314
2000,DODGE,RAM 2500 WAGON,VAN - PASSENGER,5.2,8,A4,X,19.8,14.0,17.2,16,396
2000,DODGE,RAM 2500 WAGON,VAN - PASSENGER,5.9,8,A4,X,19.8,12.1,16.3,17,375
2000,DODGE,VIPER GTS,SUBCOMPACT,8.0,10,M6,Z,19.4,10.2,15.3,18,352
2000,DODGE,VIPER RT/10,SUBCOMPACT,8.0,10,M6,Z,19.4,10.2,15.3,18,352
2000,FERRARI,360 MODENA F1,TWO-SEATER,3.6,8,AS6,Z,22.4,13.5,18.4,15,423
2000,FERRARI,360 MODENA F1,TWO-SEATER,3.6,8,M6,Z,22.0,13.7,18.3,15,421
2000,FERRARI,456 MGT,SUBCOMPACT,5.5,12,A4,Z,24.4,14.5,19.9,14,458
2000,FERRARI,456 MGT,SUBCOMPACT,5.5,12,M6,Z,24.0,13.4,19.2,15,442
2000,FERRARI,456 MGTA,SUBCOMPACT,5.5,12,A4,Z,24.4,14.5,19.9,14,458
2000,FERRARI,456 MGTA,SUBCOMPACT,5.5,12,M6,Z,24.0,13.4,19.2,15,442
2000,FERRARI,550 MARANELLO,SUBCOMPACT,5.5,12,M6,Z,27.7,16.6,22.7,12,522
2000,FORD,COUGAR,COMPACT,2.0,4,M5,X,9.7,6.4,8.2,34,189
2000,FORD,COUGAR,COMPACT,2.5,6,A4,X,11.6,7.6,9.8,29,225
2000,FORD,COUGAR,COMPACT,2.5,6,M5,X,11.8,7.5,9.9,29,228
2000,FORD,CROWN VICTORIA,FULL-SIZE,4.6,8,A4,X,13.5,8.8,11.4,25,262
2000,FORD,E150 CLUB WAGON,VAN - PASSENGER,4.2,6,A4,X,17.3,12.4,15.1,19,347
2000,FORD,E150 CLUB WAGON,VAN - PASSENGER,4.6,8,A4,X,17.0,11.9,14.7,19,338
2000,FORD,E150 CLUB WAGON,VAN - PASSENGER,5.4,8,A4,X,18.0,12.5,15.5,18,356
2000,FORD,E150 VAN,VAN - CARGO,4.2,6,A4,X,17.2,12.1,14.9,19,343
2000,FORD,E150 VAN,VAN - CARGO,4.6,8,A4,X,16.0,11.1,13.8,20,317
2000,FORD,E150 VAN,VAN - CARGO,5.4,8,A4,X,16.1,11.3,13.9,20,320
2000,FORD,E250 VAN,VAN - CARGO,4.2,6,A4,X,17.3,12.3,15.0,19,345
2000,FORD,E250 VAN,VAN - CARGO,5.4,8,A4,X,18.3,12.1,15.5,18,356
2000,FORD,ESCORT ZX2,COMPACT,2.0,4,A4,X,9.3,6.6,8.1,35,186
2000,FORD,ESCORT ZX2,COMPACT,2.0,4,M5,X,9.3,6.6,8.1,35,186
2000,FORD,EXPEDITION,SUV,4.6,8,A4,X,16.0,11.1,13.8,20,317
2000,FORD,EXPEDITION,SUV,5.4,8,A4,X,18.3,12.1,15.5,18,356
2000,FORD,EXPEDITION 4X4,SUV,4.6,8,A4,X,17.4,12.2,15.1,19,347
2000,FORD,EXPEDITION 4X4,SUV,5.4,8,A4,X,19.1,13.1,16.4,17,377
2000,FORD,EXPLORER,SUV,4.0,6,M5,X,13.3,9.5,11.6,24,267
2000,FORD,EXPLORER,SUV,5.0,8,A4,X,16.6,11.2,14.2,20,327
2000,FORD,EXPLORER 4X4,SUV,4.0,6,M5,X,14.7,10.6,12.9,22,297
2000,FORD,EXPLORER 4X4,SUV,5.0,8,A4,X,16.9,11.1,14.3,20,329
2000,FORD,EXPLORER OHV,SUV,4.0,6,A5,X,15.4,11.6,13.7,21,315
2000,FORD,EXPLORER OHV 4X4,SUV,4.0,6,A5,X,15.6,11.0,13.5,21,310
2000,FORD,EXPLORER SOHC,SUV,4.0,6,A5,X,14.8,10.4,12.8,22,294
2000,FORD,EXPLORER SOHC 4X4,SUV,4.0,6,A5,X,15.0,10.8,13.1,22,301
2000,FORD,F150,PICKUP TRUCK - STANDARD,4.2,6,A4,X,15.0,10.7,13.1,22,301
2000,FORD,F150,PICKUP TRUCK - STANDARD,4.2,6,M5,X,14.6,10.4,12.7,22,292
2000,FORD,F150,PICKUP TRUCK - STANDARD,4.6,8,A4,X,15.3,10.7,13.2,21,304
2000,FORD,F150,PICKUP TRUCK - STANDARD,4.6,8,M5,X,16.0,10.6,13.6,21,313
2000,FORD,F150,PICKUP TRUCK - STANDARD,5.4,8,A4,X,16.1,11.3,13.9,20,320
2000,FORD,F150 4X4,PICKUP TRUCK - STANDARD,4.2,6,A4,X,15.6,11.5,13.8,20,317
2000,FORD,F150 4X4,PICKUP TRUCK - STANDARD,4.2,6,M5,X,16.2,11.9,14.3,20,329
2000,FORD,F150 4X4,PICKUP TRUCK - STANDARD,4.6,8,A4,X,16.7,12.0,14.6,19,336
2000,FORD,F150 4X4,PICKUP TRUCK - STANDARD,4.6,8,M5,X,17.0,11.7,14.6,19,336
2000,FORD,F150 4X4,PICKUP TRUCK - STANDARD,5.4,8,A4,X,18.8,13.3,16.3,17,375
2000,FORD,FOCUS SEDAN,COMPACT,2.0,4,A4,X,9.4,6.9,8.3,34,191
2000,FORD,FOCUS SEDAN,COMPACT,2.0,4,M5,X,9.4,6.5,8.1,35,186
2000,FORD,FOCUS WAGON,STATION WAGON - MID-SIZE,2.0,4,A4,X,9.3,6.8,8.2,34,189
2000,FORD,FOCUS WAGON,STATION WAGON - MID-SIZE,2.0,4,M5,X,9.5,6.4,8.1,35,186
2000,FORD,GRAND MARQUIS,FULL-SIZE,4.6,8,A4,X,13.4,8.7,11.3,25,260
2000,FORD,MUSTANG,SUBCOMPACT,3.8,6,A4,X,11.9,7.9,10.1,28,232
2000,FORD,MUSTANG,SUBCOMPACT,3.8,6,M5,X,12.1,7.6,10.1,28,232
2000,FORD,MUSTANG,SUBCOMPACT,4.6,8,A4,X,13.5,9.1,11.5,25,264
2000,FORD,MUSTANG,SUBCOMPACT,4.6,8,M5,X,13.8,8.8,11.6,24,267
2000,FORD,MUSTANG #,SUBCOMPACT,4.6,8,M5,X,14.1,8.9,11.8,24,271
2000,FORD,RANGER,PICKUP TRUCK - STANDARD,3.0,6,A4,X,14.1,9.5,12.0,24,276
2000,FORD,RANGER,PICKUP TRUCK - STANDARD,3.0,6,M5,X,14.5,9.6,12.3,23,283
2000,FORD,RANGER,PICKUP TRUCK - STANDARD,4.0,6,A5,X,15.3,11.5,13.6,21,313
2000,FORD,RANGER,PICKUP TRUCK - STANDARD,4.0,6,M5,X,13.3,9.7,11.7,24,269
2000,FORD,RANGER 4X4,PICKUP TRUCK - STANDARD,3.0,6,A4,X,14.7,10.6,12.9,22,297
2000,FORD,RANGER 4X4,PICKUP TRUCK - STANDARD,3.0,6,M5,X,13.9,10.1,12.2,23,281
2000,FORD,RANGER 4X4,PICKUP TRUCK - STANDARD,4.0,6,A5,X,15.6,11.2,13.6,21,313
2000,FORD,RANGER 4X4,PICKUP TRUCK - STANDARD,4.0,6,M5,X,14.8,10.9,13.0,22,299
2000,FORD,TAURUS,MID-SIZE,3.0,6,A4,X,12.1,7.7,10.1,28,232
2000,FORD,TAURUS #,MID-SIZE,3.0,6,A4,X,12.0,7.7,10.1,28,232
2000,FORD,TAURUS WAGON,STATION WAGON - MID-SIZE,3.0,6,A4,X,12.6,8.1,10.6,27,244
2000,FORD,TAURUS WAGON #,STATION WAGON - MID-SIZE,3.0,6,A4,X,12.5,8.1,10.5,27,242
2000,FORD,WINDSTAR VAN,VAN - CARGO,3.0,6,A4,X,14.0,9.3,11.9,24,274
2000,FORD,WINDSTAR VAN,VAN - CARGO,3.8,6,A4,X,13.3,9.5,11.6,24,267
2000,FORD,WINDSTAR WAGON,MINIVAN,3.0,6,A4,X,14.0,9.3,11.9,24,274
2000,FORD,WINDSTAR WAGON,MINIVAN,3.8,6,A4,X,13.9,9.4,11.9,24,274
2000,GMC,C1500 SIERRA,PICKUP TRUCK - STANDARD,4.3,6,A4,X,15.9,11.9,14.1,20,324
2000,GMC,C1500 SIERRA,PICKUP TRUCK - STANDARD,4.3,6,M5,X,16.7,12.3,14.7,19,338
2000,GMC,C1500 SIERRA,PICKUP TRUCK - STANDARD,4.8,8,A4,X,14.6,10.5,12.8,22,294
2000,GMC,C1500 SIERRA,PICKUP TRUCK - STANDARD,4.8,8,M5,X,17.1,11.0,14.4,20,331
2000,GMC,C1500 SIERRA,PICKUP TRUCK - STANDARD,5.3,8,A4,X,15.0,10.8,13.1,22,301
2000,GMC,C1500 YUKON,SUV,4.8,8,A4,X,16.9,12.7,15.0,19,345
2000,GMC,C1500 YUKON,SUV,5.3,8,A4,X,17.1,12.5,15.0,19,345
2000,GMC,C1500 YUKON XL,SUV,5.3,8,A4,X,17.1,12.5,15.0,19,345
2000,GMC,C2500 SIERRA,PICKUP TRUCK - STANDARD,5.3,8,A4,X,16.1,12.0,14.3,20,329
2000,GMC,C2500 SIERRA,PICKUP TRUCK - STANDARD,6.0,8,A4,X,19.4,13.5,16.7,17,384
2000,GMC,G15/G25 SAVANA CARGO,VAN - CARGO,4.3,6,A4,X,16.0,11.9,14.2,20,327
2000,GMC,G15/G25 SAVANA CARGO,VAN - CARGO,5.0,8,A4,X,16.4,11.8,14.3,20,329
2000,GMC,G15/G25 SAVANA CARGO,VAN - CARGO,5.7,8,A4,X,17.3,12.7,15.2,19,350
2000,GMC,G1500/G2500 SAVANA PASSENGER,VAN - PASSENGER,4.3,6,A4,X,16.5,12.2,14.6,19,336
2000,GMC,G1500/G2500 SAVANA PASSENGER,VAN - PASSENGER,5.0,8,A4,X,16.5,12.0,14.5,19,334
2000,GMC,G1500/G2500 SAVANA PASSENGER,VAN - PASSENGER,5.7,8,A4,X,18.7,13.6,16.4,17,377
2000,GMC,JIMMY,SUV,4.3,6,A4,X,14.5,10.8,12.8,22,294
2000,GMC,JIMMY,SUV,4.3,6,M5,X,14.6,9.9,12.5,23,288
2000,GMC,JIMMY 4X4,SUV,4.3,6,A4,X,15.3,11.1,13.4,21,308
2000,GMC,JIMMY 4X4,SUV,4.3,6,M5,X,16.9,12.4,14.9,19,343
2000,GMC,K1500 SIERRA 4X4,PICKUP TRUCK - STANDARD,4.3,6,A4,X,15.3,11.1,13.4,21,308
2000,GMC,K1500 SIERRA 4X4,PICKUP TRUCK - STANDARD,4.3,6,M5,X,16.9,12.4,14.9,19,343
2000,GMC,K1500 SIERRA 4X4,PICKUP TRUCK - STANDARD,4.8,8,A4,X,15.6,12.0,14.0,20,322
2000,GMC,K1500 SIERRA 4X4,PICKUP TRUCK - STANDARD,4.8,8,M5,X,18.3,12.5,15.7,18,361
2000,GMC,K1500 SIERRA 4X4,PICKUP TRUCK - STANDARD,5.3,8,A4,X,16.2,12.3,14.4,20,331
2000,GMC,K1500 YUKON 4X4,SUV,4.8,8,A4,X,16.9,12.7,15.0,19,345
2000,GMC,K1500 YUKON 4X4,SUV,5.3,8,A4,X,17.1,12.6,15.1,19,347
2000,GMC,K1500 YUKON 4X4,SUV,5.7,8,A4,X,19.2,13.4,16.6,17,382
2000,GMC,SAFARI CARGO,VAN - CARGO,4.3,6,A4,X,14.5,10.8,12.8,22,294
2000,GMC,SAFARI CARGO AWD,VAN - CARGO,4.3,6,A4,X,15.3,11.1,13.4,21,308
2000,GMC,SAFARI PASSENGER,VAN - PASSENGER,4.3,6,A4,X,15.9,11.9,14.1,20,324
2000,GMC,SAFARI PASSENGER AWD,VAN - PASSENGER,4.3,6,A4,X,15.7,11.4,13.8,20,317
2000,GMC,SONOMA,PICKUP TRUCK - SMALL,2.2,4,A4,X,12.3,8.4,10.5,27,242
2000,GMC,SONOMA,PICKUP TRUCK - SMALL,2.2,4,M5,X,10.8,7.4,9.3,30,214
2000,GMC,SONOMA,PICKUP TRUCK - SMALL,4.3,6,A4,X,13.8,9.7,12.0,24,276
2000,GMC,SONOMA,PICKUP TRUCK - SMALL,4.3,6,M5,X,14.5,9.7,12.3,23,283
2000,GMC,SONOMA 4X4,PICKUP TRUCK - STANDARD,4.3,6,A4,X,15.1,10.9,13.2,21,304
2000,GMC,SONOMA 4X4,PICKUP TRUCK - STANDARD,4.3,6,M5,X,14.6,10.1,12.6,22,290
2000,HONDA,ACCORD,MID-SIZE,3.0,6,A4,X,11.5,7.8,9.8,29,225
2000,HONDA,ACCORD DX,MID-SIZE,2.3,4,A4,X,10.8,7.5,9.3,30,214
2000,HONDA,ACCORD DX,MID-SIZE,2.3,4,M5,X,10.1,7.2,8.8,32,202
2000,HONDA,ACCORD EX/LX,MID-SIZE,2.3,4,A4,X,10.4,7.1,8.9,32,205
2000,HONDA,ACCORD EX/LX,MID-SIZE,2.3,4,M5,X,9.4,6.8,8.2,34,189
2000,HONDA,CIVIC COUPE Si,SUBCOMPACT,1.6,4,A4,X,9.2,6.7,8.1,35,186
2000,HONDA,CIVIC COUPE Si,SUBCOMPACT,1.6,4,M5,X,8.5,6.5,7.6,37,175
2000,HONDA,CIVIC COUPE SiR,SUBCOMPACT,1.6,4,M5,Z,9.5,7.0,8.4,34,193
2000,HONDA,CIVIC CX/DX/LX/EX,SUBCOMPACT,1.6,4,A4,X,8.7,6.1,7.5,38,172
2000,HONDA,CIVIC CX/DX/LX/EX,SUBCOMPACT,1.6,4,M5,X,7.6,5.8,6.8,42,156
2000,HONDA,CR-V,SUV,2.0,4,A4,X,11.0,8.9,10.1,28,232
2000,HONDA,CR-V,SUV,2.0,4,M5,X,11.0,8.9,10.1,28,232
2000,HONDA,INSIGHT,SUBCOMPACT,1.0,3,M5,X,3.9,3.2,3.6,78,83
2000,HONDA,ODYSSEY,MINIVAN,3.5,6,A4,X,13.3,8.5,11.1,25,255
2000,HONDA,PRELUDE,SUBCOMPACT,2.2,4,AS4,Z,11.2,8.2,9.8,29,225
2000,HONDA,PRELUDE,SUBCOMPACT,2.2,4,M5,Z,10.6,8.1,9.5,30,218
2000,HONDA,S2000,SUBCOMPACT,2.0,4,M6,Z,11.6,8.5,10.2,28,235
2000,HYUNDAI,ACCENT,COMPACT,1.5,4,A4,X,9.2,6.1,7.8,36,179
2000,HYUNDAI,ACCENT,COMPACT,1.5,4,M5,X,8.4,6.0,7.3,39,168
2000,HYUNDAI,ELANTRA,COMPACT,2.0,4,A4,X,10.8,7.0,9.1,31,209
2000,HYUNDAI,ELANTRA,COMPACT,2.0,4,M5,X,9.9,6.5,8.4,34,193
2000,HYUNDAI,ELANTRA WAGON,STATION WAGON - SMALL,2.0,4,A4,X,11.0,7.3,9.3,30,214
2000,HYUNDAI,ELANTRA WAGON,STATION WAGON - SMALL,2.0,4,M5,X,10.0,6.7,8.5,33,196
2000,HYUNDAI,SONATA 2.4L,MID-SIZE,2.4,4,A4,X,11.5,7.7,9.8,29,225
2000,HYUNDAI,SONATA 2.5L,MID-SIZE,2.5,6,A4,X,11.7,7.8,9.9,29,228
2000,HYUNDAI,TIBURON,SUBCOMPACT,2.0,4,A4,X,10.8,7.2,9.2,31,212
2000,HYUNDAI,TIBURON,SUBCOMPACT,2.0,4,M5,X,10.0,6.7,8.5,33,196
2000,INFINITI,G20,COMPACT,2.0,4,A4,X,10.2,7.1,8.8,32,202
2000,INFINITI,G20,COMPACT,2.0,4,M5,X,10.0,6.9,8.6,33,198
2000,INFINITI,I30,MID-SIZE,3.0,6,A4,X,11.9,7.8,10.1,28,232
2000,INFINITI,QX4 4X4,SUV,3.3,6,A4,X,15.9,11.7,14.0,20,322
2000,ISUZU,HOMBRE,PICKUP TRUCK - SMALL,2.2,4,A4,X,12.3,8.4,10.5,27,242
2000,ISUZU,HOMBRE,PICKUP TRUCK - SMALL,2.2,4,M5,X,10.8,7.4,9.3,30,214
2000,ISUZU,HOMBRE,PICKUP TRUCK - SMALL,4.3,6,A4,X,13.8,9.7,12.0,24,276
2000,ISUZU,HOMBRE 4X4,PICKUP TRUCK - STANDARD,4.3,6,A4,X,15.1,10.9,13.2,21,304
2000,ISUZU,RODEO 4X4,SUV,3.2,6,A4,X,14.9,10.8,13.1,22,301
2000,ISUZU,RODEO 4X4,SUV,3.2,6,M5,X,15.1,11.1,13.3,21,306
2000,ISUZU,TROOPER 4X4,SUV,3.5,6,A4,X,16.0,11.6,14.0,20,322
2000,ISUZU,TROOPER 4X4,SUV,3.5,6,M5,X,16.1,11.7,14.1,20,324
2000,JAGUAR,S-TYPE V6,MID-SIZE,3.0,6,A5,Z,13.2,8.4,11.0,26,253
2000,JAGUAR,S-TYPE V8,MID-SIZE,4.0,8,A5,Z,13.7,9.4,11.8,24,271
2000,JAGUAR,VANDEN PLAS,MID-SIZE,4.0,8,A5,Z,13.9,8.9,11.6,24,267
2000,JAGUAR,VANDEN PLAS SUPERCHARGED,MID-SIZE,4.0,8,A5,Z,14.9,10.0,12.7,22,292
2000,JAGUAR,XJ8,COMPACT,4.0,8,A5,Z,13.9,8.9,11.6,24,267
2000,JAGUAR,XJR #,COMPACT,4.0,8,A5,Z,14.8,10.0,12.6,22,290
2000,JAGUAR,XK8,SUBCOMPACT,4.0,8,A5,Z,13.8,8.8,11.6,24,267
2000,JAGUAR,XK8 CONVERTIBLE,MINICOMPACT,4.0,8,A5,Z,13.9,9.0,11.7,24,269
2000,JAGUAR,XKR #,SUBCOMPACT,4.0,8,A5,Z,14.1,9.4,12.0,24,276
2000,JAGUAR,XKR CONVERTIBLE #,MINICOMPACT,4.0,8,A5,Z,14.6,9.8,12.4,23,285
2000,JEEP,CHEROKEE 4X4,SUV,4.0,6,A4,X,14.9,10.5,12.9,22,297
2000,JEEP,CHEROKEE 4X4,SUV,4.0,6,M5,X,13.8,10.0,12.1,23,278
2000,JEEP,GRAND CHEROKEE 4X4,SUV,4.0,6,A4,X,14.8,10.5,12.9,22,297
2000,JEEP,GRAND CHEROKEE 4X4,SUV,4.7,8,A4,X,16.2,11.2,14.0,20,322
2000,JEEP,TJ 4X4,SUV,2.5,4,A3,X,14.9,12.0,13.6,21,313
2000,JEEP,TJ 4X4,SUV,2.5,4,M5,X,13.1,10.7,12.0,24,276
2000,JEEP,TJ 4X4,SUV,4.0,6,A3,X,15.6,12.2,14.1,20,324
2000,JEEP,TJ 4X4,SUV,4.0,6,M5,X,15.0,11.2,13.3,21,306
2000,KIA,SEPHIA,COMPACT,1.8,4,A4,X,10.3,7.1,8.9,32,205
2000,KIA,SEPHIA,COMPACT,1.8,4,M5,X,9.8,7.8,8.9,32,205
2000,KIA,SPORTAGE 4X4,SUV,2.0,4,A4,X,11.9,10.3,11.2,25,258
2000,KIA,SPORTAGE 4X4,SUV,2.0,4,M5,X,11.3,10.3,10.8,26,248
2000,LAND ROVER,DISCOVERY SERIES II 4X4,SUV,4.0,8,A4,Z,17.7,12.7,15.4,18,354
2000,LAND ROVER,DISCOVERY SERIES II 4X4,SUV,4.0,8,A4,Z,17.7,12.7,15.4,18,354
2000,LAND ROVER,RANGE ROVER 4X4,SUV,4.0,8,A4,Z,17.7,12.7,15.4,18,354
2000,LAND ROVER,RANGE ROVER 4X4,SUV,4.6,8,A4,Z,20.1,14.7,17.7,16,407
2000,LEXUS,ES 300,COMPACT,3.0,6,A4,X,12.3,8.2,10.5,27,242
2000,LEXUS,GS 300,MID-SIZE,3.0,6,A5,Z,12.2,8.7,10.6,27,244
2000,LEXUS,GS 400,MID-SIZE,4.0,8,A5,Z,13.4,9.0,11.4,25,262
2000,LEXUS,LS 400,MID-SIZE,4.0,8,A5,Z,12.7,8.6,10.9,26,251
2000,LEXUS,LX 470,SUV,4.7,8,A4,X,17.5,13.2,15.6,18,359
2000,LEXUS,RX 300,SUV,3.0,6,A4,X,12.6,9.2,11.1,25,255
2000,LEXUS,RX 300 4X4,SUV,3.0,6,A4,X,12.8,9.7,11.4,25,262
2000,LINCOLN,CONTINENTAL,FULL-SIZE,4.6,8,A4,Z,13.6,8.6,11.4,25,262
2000,LINCOLN,LS,MID-SIZE,3.0,6,A5,X,13.8,8.9,11.6,24,267
2000,LINCOLN,LS,MID-SIZE,3.0,6,M5,X,13.9,8.8,11.6,24,267
2000,LINCOLN,LS,MID-SIZE,3.9,8,A5,X,14.2,9.1,11.9,24,274
2000,LINCOLN,NAVIGATOR 4X4,SUV,5.4,8,A4,Z,19.4,13.2,16.6,17,382
2000,LINCOLN,TOWN CAR,FULL-SIZE,4.6,8,A4,X,13.7,8.9,11.5,25,264
2000,MAZDA,626,MID-SIZE,2.0,4,A4,X,11.2,7.9,9.7,29,223
2000,MAZDA,626,MID-SIZE,2.0,4,M5,X,9.3,6.8,8.2,34,189
2000,MAZDA,626,MID-SIZE,2.5,6,A4,Z,12.2,8.5,10.5,27,242
2000,MAZDA,626,MID-SIZE,2.5,6,M5,Z,11.8,8.5,10.3,27,237
2000,MAZDA,B3000,PICKUP TRUCK - STANDARD,3.0,6,A4,X,14.0,9.5,12.0,24,276
2000,MAZDA,B3000,PICKUP TRUCK - STANDARD,3.0,6,M5,X,14.5,9.6,12.3,23,283
2000,MAZDA,B4000,PICKUP TRUCK - STANDARD,4.0,6,A5,X,15.4,11.6,13.7,21,315
2000,MAZDA,B4000,PICKUP TRUCK - STANDARD,4.0,6,M5,X,13.9,10.1,12.2,23,281
2000,MAZDA,B4000 4X4,PICKUP TRUCK - STANDARD,4.0,6,A5,X,15.5,11.2,13.6,21,313
2000,MAZDA,B4000 4X4,PICKUP TRUCK - STANDARD,4.0,6,M5,X,14.8,11.0,13.1,22,301
2000,MAZDA,MILLENIA,COMPACT,2.5,6,A4,Z,12.3,8.3,10.5,27,242
2000,MAZDA,MILLENIA #,COMPACT,2.3,6,A4,Z,12.2,8.0,10.3,27,237
2000,MAZDA,MPV,MINIVAN,2.5,6,A4,X,13.6,9.9,11.9,24,274
2000,MAZDA,MX-5 MIATA,SUBCOMPACT,1.8,4,A4,X,10.5,7.6,9.2,31,212
2000,MAZDA,MX-5 MIATA,SUBCOMPACT,1.8,4,M5,X,9.7,7.4,8.7,32,200
2000,MAZDA,MX-5 MIATA,SUBCOMPACT,1.8,4,M6,X,10.1,7.6,9.0,31,207
2000,MAZDA,PROTEGE,COMPACT,1.6,4,A4,X,9.3,6.9,8.2,34,189
2000,MAZDA,PROTEGE,COMPACT,1.6,4,M5,X,8.5,6.7,7.7,37,177
2000,MAZDA,PROTEGE,COMPACT,1.8,4,A4,X,9.8,7.2,8.6,33,198
2000,MAZDA,PROTEGE,COMPACT,1.8,4,M5,X,8.9,6.7,7.9,36,182
2000,MERCEDES-BENZ,C 230 KOMPRESSOR #,COMPACT,2.3,4,A5,Z,11.0,7.5,9.4,30,216
2000,MERCEDES-BENZ,C 280,COMPACT,2.8,6,A5,Z,11.2,8.0,9.8,29,225
2000,MERCEDES-BENZ,C 43 AMG,COMPACT,4.3,8,A5,Z,13.1,9.6,11.5,25,264
2000,MERCEDES-BENZ,CLK 320,SUBCOMPACT,3.2,6,A5,Z,11.4,7.5,9.6,29,221
2000,MERCEDES-BENZ,CLK 320 CABRIOLET,MINICOMPACT,3.2,6,A5,Z,12.1,7.8,10.2,28,235
2000,MERCEDES-BENZ,CLK 430,SUBCOMPACT,4.3,8,A5,Z,12.8,8.8,11.0,26,253
2000,MERCEDES-BENZ,CLK 430 CABRIOLET,MINICOMPACT,4.3,8,A5,Z,13.6,9.0,11.5,25,264
2000,MERCEDES-BENZ,E 320,MID-SIZE,3.2,6,A5,Z,11.4,7.3,9.6,29,221
2000,MERCEDES-BENZ,E 320 4MATIC,MID-SIZE,3.2,6,A5,Z,11.6,7.8,9.9,29,228
2000,MERCEDES-BENZ,E 320 4MATIC WAGON,STATION WAGON - MID-SIZE,3.2,6,A5,Z,12.0,8.3,10.3,27,237
2000,MERCEDES-BENZ,E 320 WAGON,STATION WAGON - MID-SIZE,3.2,6,A5,Z,11.7,8.1,10.1,28,232
2000,MERCEDES-BENZ,E 430,MID-SIZE,4.3,8,A5,Z,13.0,8.9,11.2,25,258
2000,MERCEDES-BENZ,E 430 4MATIC,MID-SIZE,4.3,8,A5,Z,13.5,9.5,11.7,24,269
2000,MERCEDES-BENZ,E 55 AMG,MID-SIZE,5.5,8,A5,Z,14.3,9.4,12.1,23,278
2000,MERCEDES-BENZ,ML 320,SUV,3.2,6,A5,Z,14.4,10.9,12.8,22,294
2000,MERCEDES-BENZ,ML 430,SUV,4.3,8,A5,Z,15.3,11.5,13.6,21,313
2000,MERCEDES-BENZ,S 430,FULL-SIZE,4.3,8,A5,Z,13.7,8.9,11.5,25,264
2000,MERCEDES-BENZ,S 500,FULL-SIZE,5.0,8,A5,Z,14.4,9.6,12.2,23,281
2000,MERCEDES-BENZ,SL 500,SUBCOMPACT,5.0,8,A5,Z,14.6,9.5,12.3,23,283
2000,MERCEDES-BENZ,SL 600,SUBCOMPACT,6.0,12,A5,Z,18.2,11.4,15.1,19,347
2000,MERCEDES-BENZ,SLK 230 KOMPRESSOR #,SUBCOMPACT,2.3,4,A5,Z,10.6,7.3,9.1,31,209
2000,MERCEDES-BENZ,SLK 230 KOMPRESSOR #,SUBCOMPACT,2.3,4,M5,Z,11.1,7.1,9.3,30,214
2000,NISSAN,ALTIMA,COMPACT,2.4,4,A4,X,11.3,7.8,9.7,29,223
2000,NISSAN,ALTIMA,COMPACT,2.4,4,M5,X,10.2,7.1,8.8,32,202
2000,NISSAN,FRONTIER,PICKUP TRUCK - STANDARD,2.4,4,A4,X,12.0,9.2,10.7,26,246
2000,NISSAN,FRONTIER,PICKUP TRUCK - STANDARD,2.4,4,M5,X,10.7,8.4,9.7,29,223
2000,NISSAN,FRONTIER 4X4,PICKUP TRUCK - STANDARD,2.4,4,M5,X,13.3,10.2,11.9,24,274
2000,NISSAN,FRONTIER V6,PICKUP TRUCK - STANDARD,3.3,6,A4,X,15.1,11.3,13.4,21,308
2000,NISSAN,FRONTIER V6,PICKUP TRUCK - STANDARD,3.3,6,M5,X,14.4,11.6,13.1,22,301
2000,NISSAN,FRONTIER V6 4X4,PICKUP TRUCK - STANDARD,3.3,6,A4,X,15.6,11.7,13.8,20,317
2000,NISSAN,FRONTIER V6 4X4,PICKUP TRUCK - STANDARD,3.3,6,M5,X,14.5,11.9,13.3,21,306
2000,NISSAN,MAXIMA,MID-SIZE,3.0,6,A4,X,11.9,7.8,10.1,28,232
2000,NISSAN,MAXIMA,MID-SIZE,3.0,6,M5,X,10.9,7.9,9.6,29,221
2000,NISSAN,PATHFINDER 4X4,SUV,3.3,6,A4,X,15.6,11.6,13.8,20,317
2000,NISSAN,PATHFINDER 4X4,SUV,3.3,6,M5,X,14.8,12.2,13.6,21,313
2000,NISSAN,QUEST,MINIVAN,3.3,6,A4,X,13.9,9.0,11.7,24,269
2000,NISSAN,XTERRA,SUV,2.4,4,M5,X,12.6,9.2,11.1,25,255
2000,NISSAN,XTERRA V6,SUV,3.3,6,A4,X,14.8,11.1,13.1,22,301
2000,NISSAN,XTERRA V6,SUV,3.3,6,M5,X,14.2,11.4,12.9,22,297
2000,NISSAN,XTERRA V6 4X4,SUV,3.3,6,A4,X,15.6,11.7,13.8,20,317
2000,NISSAN,XTERRA V6 4X4,SUV,3.3,6,M5,X,14.5,11.9,13.3,21,306
2000,OLDSMOBILE,ALERO,COMPACT,2.4,4,A4,X,10.7,7.1,9.1,31,209
2000,OLDSMOBILE,ALERO,COMPACT,2.4,4,M5,X,11.0,7.0,9.2,31,212
2000,OLDSMOBILE,ALERO,COMPACT,3.4,6,A4,X,12.1,7.3,9.9,29,228
2000,OLDSMOBILE,INTRIGUE,MID-SIZE,3.5,6,A4,X,13.1,8.0,10.8,26,248
2000,OLDSMOBILE,SILHOUETTE,MINIVAN,3.4,6,A4,X,12.5,8.4,10.7,26,246
2000,PLYMOUTH,PROWLER,SUBCOMPACT,3.5,6,AS4,Z,13.8,9.3,11.8,24,271
2000,PONTIAC,BONNEVILLE,FULL-SIZE,3.8,6,A4,X,12.8,7.7,10.5,27,242
2000,PONTIAC,BONNEVILLE #,FULL-SIZE,3.8,6,A4,Z,13.5,8.0,11.0,26,253
2000,PONTIAC,FIREBIRD/FORMULA,SUBCOMPACT,3.8,6,A4,X,12.4,7.5,10.2,28,235
2000,PONTIAC,FIREBIRD/FORMULA,SUBCOMPACT,3.8,6,M5,X,12.3,7.3,10.0,28,230
2000,PONTIAC,FIREBIRD/FORMULA,SUBCOMPACT,5.7,8,A4,Z,13.3,9.1,11.4,25,262
2000,PONTIAC,FIREBIRD/FORMULA,SUBCOMPACT,5.7,8,M6,Z,13.3,8.3,11.0,26,253
2000,PONTIAC,FIREFLY,SUBCOMPACT,1.0,3,M5,X,6.0,4.5,5.3,53,122
2000,PONTIAC,FIREFLY,SUBCOMPACT,1.3,4,A3,X,7.8,6.2,7.1,40,163
2000,PONTIAC,FIREFLY,SUBCOMPACT,1.3,4,M5,X,6.4,4.9,5.7,50,131
2000,PONTIAC,GRAND AM,COMPACT,2.4,4,A4,X,10.7,7.1,9.1,31,209
2000,PONTIAC,GRAND AM,COMPACT,2.4,4,M5,X,11.0,7.0,9.2,31,212
2000,PONTIAC,GRAND AM,COMPACT,3.4,6,A4,X,12.1,7.3,9.9,29,228
2000,PONTIAC,GRAND PRIX,MID-SIZE,3.1,6,A4,X,11.6,7.3,9.7,29,223
2000,PONTIAC,GRAND PRIX,MID-SIZE,3.8,6,A4,X,12.0,7.4,9.9,29,228
2000,PONTIAC,GRAND PRIX #,MID-SIZE,3.8,6,A4,Z,13.4,7.9,10.9,26,251
2000,PONTIAC,MONTANA,MINIVAN,3.4,6,A4,X,12.5,8.4,10.7,26,246
2000,PONTIAC,SUNFIRE,SUBCOMPACT,2.2,4,A3,X,10.4,7.5,9.1,31,209
2000,PONTIAC,SUNFIRE,SUBCOMPACT,2.2,4,A4,X,10.2,6.9,8.7,32,200
2000,PONTIAC,SUNFIRE,SUBCOMPACT,2.2,4,M5,X,10.8,6.5,8.9,32,205
2000,PONTIAC,SUNFIRE,SUBCOMPACT,2.4,4,A4,X,11.0,7.4,9.4,30,216
2000,PONTIAC,SUNFIRE,SUBCOMPACT,2.4,4,M5,X,10.7,6.5,8.8,32,202
2000,PORSCHE,911 CARRERA,MINICOMPACT,3.4,6,AS5,Z,14.3,8.6,11.7,24,269
2000,PORSCHE,911 CARRERA,MINICOMPACT,3.4,6,M6,Z,13.8,8.6,11.5,25,264
2000,PORSCHE,911 CARRERA 4,MINICOMPACT,3.4,6,AS5,Z,14.3,9.0,11.9,24,274
2000,PORSCHE,911 CARRERA 4,MINICOMPACT,3.4,6,M6,Z,14.1,9.2,11.9,24,274
2000,PORSCHE,BOXSTER,TWO-SEATER,2.7,6,AS5,Z,13.7,8.7,11.4,25,262
2000,PORSCHE,BOXSTER,TWO-SEATER,2.7,6,M5,Z,13.4,8.8,11.3,25,260
2000,PORSCHE,BOXSTER S,TWO-SEATER,3.2,6,AS5,Z,14.2,9.0,11.9,24,274
2000,PORSCHE,BOXSTER S,TWO-SEATER,3.2,6,M6,Z,13.4,8.5,11.2,25,258
2000,SAAB,9-3 TURBO,MID-SIZE,2.0,4,A4,X,11.9,8.5,10.4,27,239
2000,SAAB,9-3 TURBO,MID-SIZE,2.0,4,M5,X,11.4,7.5,9.6,29,221
2000,SAAB,9-3 TURBO,MID-SIZE,2.3,4,M5,X,11.6,7.4,9.7,29,223
2000,SAAB,9-5 TURBO,FULL-SIZE,2.3,4,A4,X,12.4,8.2,10.5,27,242
2000,SAAB,9-5 TURBO,FULL-SIZE,2.3,4,M5,X,11.7,7.5,9.8,29,225
2000,SAAB,9-5 TURBO,FULL-SIZE,3.0,6,A4,X,12.7,8.3,10.7,26,246
2000,SAAB,9-5 WAGON TURBO,STATION WAGON - MID-SIZE,2.3,4,A4,X,12.4,8.2,10.5,27,242
2000,SAAB,9-5 WAGON TURBO,STATION WAGON - MID-SIZE,2.3,4,M5,X,11.7,7.5,9.8,29,225
2000,SAAB,9-5 WAGON TURBO,STATION WAGON - MID-SIZE,3.0,6,A4,X,12.7,8.3,10.7,26,246
2000,SATURN,LS,MID-SIZE,2.2,4,A4,X,10.5,7.2,9.0,31,207
2000,SATURN,LS,MID-SIZE,2.2,4,M5,X,10.8,6.5,8.9,32,205
2000,SATURN,LS,MID-SIZE,3.0,6,A4,X,11.8,8.2,10.2,28,235
2000,SATURN,LW WAGON,STATION WAGON - MID-SIZE,2.2,4,A4,X,10.7,7.4,9.2,31,212
2000,SATURN,LW WAGON,STATION WAGON - MID-SIZE,3.0,6,A4,X,11.8,8.2,10.2,28,235
2000,SATURN,SC,SUBCOMPACT,1.9,4,A4,X,8.8,5.9,7.5,38,172
2000,SATURN,SC,SUBCOMPACT,1.9,4,M5,X,8.5,5.4,7.1,40,163
2000,SATURN,SC #,SUBCOMPACT,1.9,4,A4,X,9.3,5.9,7.8,36,179
2000,SATURN,SC #,SUBCOMPACT,1.9,4,M5,X,9.0,5.7,7.5,38,172
2000,SATURN,SL,COMPACT,1.9,4,A4,X,8.8,5.7,7.4,38,170
2000,SATURN,SL,COMPACT,1.9,4,M5,X,8.0,5.3,6.8,42,156
2000,SATURN,SL #,COMPACT,1.9,4,A4,X,9.3,5.9,7.8,36,179
2000,SATURN,SL #,COMPACT,1.9,4,M5,X,9.0,5.7,7.5,38,172
2000,SATURN,SW WAGON #,STATION WAGON - SMALL,1.9,4,A4,X,9.3,5.9,7.8,36,179
2000,SATURN,SW WAGON #,STATION WAGON - SMALL,1.9,4,M5,X,9.0,5.7,7.5,38,172
2000,SUBARU,FORESTER AWD,SUV,2.5,4,A4,X,10.8,7.4,9.3,30,214
2000,SUBARU,FORESTER AWD,SUV,2.5,4,M5,X,11.0,7.4,9.4,30,216
2000,SUBARU,IMPREZA AWD,SUBCOMPACT,2.2,4,A4,X,10.3,7.4,9.0,31,207
2000,SUBARU,IMPREZA AWD,SUBCOMPACT,2.2,4,M5,X,10.4,7.4,9.0,31,207
2000,SUBARU,IMPREZA AWD,SUBCOMPACT,2.5,4,A4,X,10.4,7.6,9.1,31,209
2000,SUBARU,IMPREZA AWD,SUBCOMPACT,2.5,4,M5,X,11.3,7.8,9.7,29,223
2000,SUBARU,IMPREZA WAGON AWD,STATION WAGON - SMALL,2.2,4,A4,X,10.3,7.4,9.0,31,207
2000,SUBARU,IMPREZA WAGON AWD,STATION WAGON - SMALL,2.2,4,M5,X,10.4,7.4,9.0,31,207
2000,SUBARU,LEGACY AWD,COMPACT,2.5,4,A4,X,10.8,8.0,9.5,30,218
2000,SUBARU,LEGACY AWD,COMPACT,2.5,4,M5,X,11.0,7.8,9.6,29,221
2000,SUBARU,LEGACY WAGON AWD,STATION WAGON - MID-SIZE,2.5,4,A4,X,10.8,8.1,9.6,29,221
2000,SUBARU,LEGACY WAGON AWD,STATION WAGON - MID-SIZE,2.5,4,M5,X,11.0,7.8,9.6,29,221
2000,SUZUKI,ESTEEM,SUBCOMPACT,1.6,4,A4,X,8.6,6.4,7.6,37,175
2000,SUZUKI,ESTEEM,SUBCOMPACT,1.6,4,M5,X,7.6,5.7,6.7,42,154
2000,SUZUKI,ESTEEM WAGON,STATION WAGON - SMALL,1.8,4,A4,X,9.0,6.3,7.8,36,179
2000,SUZUKI,ESTEEM WAGON,STATION WAGON - SMALL,1.8,4,M5,X,8.3,6.0,7.3,39,168
2000,SUZUKI,GRAND VITARA 4X4,SUV,2.5,6,A4,X,12.6,10.2,11.5,25,264
2000,SUZUKI,GRAND VITARA 4X4,SUV,2.5,6,M5,X,12.3,9.7,11.1,25,255
2000,SUZUKI,SWIFT,SUBCOMPACT,1.3,4,A3,X,7.8,6.2,7.1,40,163
2000,SUZUKI,SWIFT,SUBCOMPACT,1.3,4,M5,X,6.4,4.9,5.7,50,131
2000,SUZUKI,VITARA 4X4,SUV,2.0,4,A4,X,10.3,8.4,9.4,30,216
2000,SUZUKI,VITARA 4X4,SUV,2.0,4,M5,X,10.4,8.5,9.5,30,218
2000,SUZUKI,VITARA CONVERTIBLE 4X4,SUV,1.6,4,M5,X,9.2,7.6,8.5,33,196
2000,SUZUKI,VITARA CONVERTIBLE 4X4,SUV,2.0,4,A4,X,10.3,8.5,9.5,30,218
2000,SUZUKI,VITARA CONVERTIBLE 4X4,SUV,2.0,4,M5,X,10.4,8.6,9.6,29,221
2000,TOYOTA,4RUNNER 4X4,SUV,2.7,4,A4,X,12.6,10.0,11.4,25,262
2000,TOYOTA,4RUNNER 4X4,SUV,2.7,4,M5,X,13.8,10.3,12.2,23,281
2000,TOYOTA,4RUNNER 4X4,SUV,3.4,6,A4,X,14.1,11.1,12.8,22,294
2000,TOYOTA,4RUNNER 4X4,SUV,3.4,6,M5,X,14.1,10.8,12.6,22,290
2000,TOYOTA,AVALON,FULL-SIZE,3.0,6,A4,X,11.2,7.4,9.5,30,218
2000,TOYOTA,CAMRY,MID-SIZE,2.2,4,A4,X,10.4,7.3,9.0,31,207
2000,TOYOTA,CAMRY,MID-SIZE,2.2,4,M5,X,10.0,6.8,8.6,33,198
2000,TOYOTA,CAMRY,MID-SIZE,3.0,6,A4,X,11.9,7.9,10.1,28,232
2000,TOYOTA,CAMRY SOLARA,COMPACT,2.2,4,A4,X,10.4,7.3,9.0,31,207
2000,TOYOTA,CAMRY SOLARA,COMPACT,3.0,6,A4,X,11.9,7.9,10.1,28,232
2000,TOYOTA,CAMRY SOLARA,COMPACT,3.0,6,M5,X,11.2,7.6,9.6,29,221
2000,TOYOTA,CAMRY SOLARA CONVERTIBLE,SUBCOMPACT,3.0,6,A4,X,12.5,8.2,10.6,27,244
2000,TOYOTA,CELICA,SUBCOMPACT,1.8,4,A4,X,8.8,6.2,7.6,37,175
2000,TOYOTA,CELICA,SUBCOMPACT,1.8,4,AS4,Z,10.2,7.3,8.9,32,205
2000,TOYOTA,CELICA,SUBCOMPACT,1.8,4,M5,X,8.7,6.6,7.8,36,179
2000,TOYOTA,CELICA,SUBCOMPACT,1.8,4,M6,Z,10.2,6.8,8.7,32,200
2000,TOYOTA,COROLLA,COMPACT,1.8,4,A4,X,8.0,5.8,7.0,40,161
2000,TOYOTA,COROLLA,COMPACT,1.8,4,M5,X,7.5,5.6,6.6,43,152
2000,TOYOTA,ECHO,COMPACT,1.5,4,A4,X,7.4,5.6,6.6,43,152
2000,TOYOTA,ECHO,COMPACT,1.5,4,M5,X,7.0,5.5,6.3,45,145
2000,TOYOTA,RAV4,SUV,2.0,4,A4,X,9.9,7.4,8.8,32,202
2000,TOYOTA,RAV4,SUV,2.0,4,M5,X,9.8,7.4,8.7,32,200
2000,TOYOTA,RAV4 4X4,SUV,2.0,4,A4,X,10.8,8.3,9.7,29,223
2000,TOYOTA,RAV4 4X4,SUV,2.0,4,M5,X,10.7,8.6,9.8,29,225
2000,TOYOTA,RAV4 SOFT TOP,SUV,2.0,4,A4,X,9.9,7.4,8.8,32,202
2000,TOYOTA,RAV4 SOFT TOP,SUV,2.0,4,M5,X,9.8,7.4,8.7,32,200
2000,TOYOTA,RAV4 SOFT TOP 4X4,SUV,2.0,4,A4,X,10.4,8.3,9.5,30,218
2000,TOYOTA,RAV4 SOFT TOP 4X4,SUV,2.0,4,M5,X,10.5,8.3,9.5,30,218
2000,TOYOTA,SIENNA,MINIVAN,3.0,6,A4,X,12.7,8.8,10.9,26,251
2000,TOYOTA,TACOMA,PICKUP TRUCK - STANDARD,2.4,4,A4,X,11.1,8.8,10.1,28,232
2000,TOYOTA,TACOMA,PICKUP TRUCK - STANDARD,2.4,4,M5,X,10.8,8.0,9.5,30,218
2000,TOYOTA,TACOMA,PICKUP TRUCK - STANDARD,2.7,4,A4,X,12.5,10.2,11.5,25,264
2000,TOYOTA,TACOMA,PICKUP TRUCK - STANDARD,3.4,6,A4,X,13.7,10.8,12.4,23,285
2000,TOYOTA,TACOMA 4X4,PICKUP TRUCK - STANDARD,2.7,4,A4,X,12.6,10.0,11.4,25,262
2000,TOYOTA,TACOMA 4X4,PICKUP TRUCK - STANDARD,2.7,4,M5,X,14.1,10.7,12.6,22,290
2000,TOYOTA,TACOMA 4X4,PICKUP TRUCK - STANDARD,3.4,6,A4,X,13.6,10.9,12.4,23,285
2000,TOYOTA,TACOMA 4X4,PICKUP TRUCK - STANDARD,3.4,6,M5,X,14.1,10.8,12.6,22,290
2000,TOYOTA,TUNDRA,PICKUP TRUCK - STANDARD,3.4,6,A4,X,14.1,10.9,12.7,22,292
2000,TOYOTA,TUNDRA,PICKUP TRUCK - STANDARD,3.4,6,M5,X,14.3,11.1,12.9,22,297
2000,TOYOTA,TUNDRA,PICKUP TRUCK - STANDARD,4.7,8,A4,X,15.6,11.9,13.9,20,320
2000,TOYOTA,TUNDRA 4X4,PICKUP TRUCK - STANDARD,3.4,6,A4,X,15.5,12.3,14.1,20,324
2000,TOYOTA,TUNDRA 4X4,PICKUP TRUCK - STANDARD,3.4,6,M5,X,15.4,12.1,13.9,20,320
2000,TOYOTA,TUNDRA 4X4,PICKUP TRUCK - STANDARD,4.7,8,A4,X,16.4,12.6,14.7,19,338
2000,VOLKSWAGEN,CABRIO,SUBCOMPACT,2.0,4,A4,X,11.1,7.7,9.6,29,221
2000,VOLKSWAGEN,CABRIO,SUBCOMPACT,2.0,4,M5,X,9.8,7.1,8.6,33,198
2000,VOLKSWAGEN,EUROVAN,MINIVAN,2.8,6,A4,X,15.8,11.0,13.6,21,313
2000,VOLKSWAGEN,EUROVAN CAMPER,MINIVAN,2.8,6,A4,X,16.8,11.5,14.4,20,331
2000,VOLKSWAGEN,GOLF,COMPACT,1.8,4,A4,Z,10.7,7.8,9.4,30,216
2000,VOLKSWAGEN,GOLF,COMPACT,1.8,4,M5,Z,9.7,7.0,8.5,33,196
2000,VOLKSWAGEN,GOLF,COMPACT,2.0,4,A4,X,10.5,7.6,9.2,31,212
2000,VOLKSWAGEN,GOLF,COMPACT,2.0,4,M5,X,9.8,7.0,8.5,33,196
2000,VOLKSWAGEN,GOLF TDI DIESEL,COMPACT,1.9,4,A4,D,6.9,4.8,6.0,47,162
2000,VOLKSWAGEN,GOLF TDI DIESEL,COMPACT,1.9,4,M5,D,5.6,4.4,5.1,55,138
2000,VOLKSWAGEN,GTI,COMPACT,1.8,4,M5,Z,9.7,7.0,8.5,33,196
2000,VOLKSWAGEN,GTI,COMPACT,2.0,4,A4,X,10.5,7.6,9.2,31,212
2000,VOLKSWAGEN,GTI,COMPACT,2.0,4,M5,X,9.8,7.0,8.5,33,196
2000,VOLKSWAGEN,GTI,COMPACT,2.8,6,M5,X,11.7,7.6,9.9,29,228
2000,VOLKSWAGEN,JETTA,COMPACT,1.8,4,A4,Z,10.7,7.8,9.4,30,216
2000,VOLKSWAGEN,JETTA,COMPACT,1.8,4,M5,Z,9.7,7.0,8.5,33,196
2000,VOLKSWAGEN,JETTA,COMPACT,2.0,4,A4,X,10.5,7.6,9.2,31,212
2000,VOLKSWAGEN,JETTA,COMPACT,2.0,4,M5,X,9.8,7.0,8.5,33,196
2000,VOLKSWAGEN,JETTA,COMPACT,2.8,6,A4,X,12.6,8.4,10.7,26,246
2000,VOLKSWAGEN,JETTA,COMPACT,2.8,6,M5,X,12.1,7.7,10.1,28,232
2000,VOLKSWAGEN,JETTA TDI DIESEL,COMPACT,1.9,4,A4,D,6.9,4.8,6.0,47,162
2000,VOLKSWAGEN,JETTA TDI DIESEL,COMPACT,1.9,4,M5,D,5.6,4.4,5.1,55,138
2000,VOLKSWAGEN,NEW BEETLE,SUBCOMPACT,1.8,4,A4,Z,10.5,7.9,9.3,30,214
2000,VOLKSWAGEN,NEW BEETLE,SUBCOMPACT,1.8,4,M5,Z,9.3,7.1,8.3,34,191
2000,VOLKSWAGEN,NEW BEETLE,SUBCOMPACT,2.0,4,A4,X,10.5,7.6,9.2,31,212
2000,VOLKSWAGEN,NEW BEETLE,SUBCOMPACT,2.0,4,M5,X,9.8,7.0,8.5,33,196
2000,VOLKSWAGEN,NEW BEETLE TDI DIESEL,SUBCOMPACT,1.9,4,A4,D,6.9,4.8,6.0,47,162
2000,VOLKSWAGEN,NEW BEETLE TDI DIESEL,SUBCOMPACT,1.9,4,M5,D,5.6,4.4,5.1,55,138
2000,VOLKSWAGEN,PASSAT,MID-SIZE,1.8,4,A5,Z,11.7,7.3,9.7,29,223
2000,VOLKSWAGEN,PASSAT,MID-SIZE,1.8,4,M5,Z,9.8,6.9,8.5,33,196
2000,VOLKSWAGEN,PASSAT,MID-SIZE,2.8,6,A5,Z,13.1,8.3,10.9,26,251
2000,VOLKSWAGEN,PASSAT,MID-SIZE,2.8,6,M5,Z,11.9,7.5,9.9,29,228
2000,VOLKSWAGEN,PASSAT WAGON,STATION WAGON - MID-SIZE,1.8,4,A5,Z,11.7,7.3,9.7,29,223
2000,VOLKSWAGEN,PASSAT WAGON,STATION WAGON - MID-SIZE,1.8,4,M5,Z,9.8,6.9,8.5,33,196
2000,VOLKSWAGEN,PASSAT WAGON,STATION WAGON - MID-SIZE,2.8,6,A5,Z,13.1,8.3,10.9,26,251
2000,VOLKSWAGEN,PASSAT WAGON,STATION WAGON - MID-SIZE,2.8,6,M5,Z,11.9,7.5,9.9,29,228
2000,VOLVO,C70 CONVERTIBLE TURBO,SUBCOMPACT,2.3,5,A4,Z,12.6,8.7,10.8,26,248
2000,VOLVO,C70 CONVERTIBLE TURBO,SUBCOMPACT,2.3,5,M5,Z,11.9,8.2,10.2,28,235
2000,VOLVO,C70 CONVERTIBLE TURBO,SUBCOMPACT,2.4,5,A4,Z,12.4,8.3,10.6,27,244
2000,VOLVO,C70 TURBO,COMPACT,2.3,5,A4,Z,12.4,8.0,10.4,27,239
2000,VOLVO,C70 TURBO,COMPACT,2.3,5,M5,Z,11.5,7.8,9.8,29,225
2000,VOLVO,C70 TURBO,COMPACT,2.4,5,A4,Z,12.1,8.2,10.3,27,237
2000,VOLVO,S70,MID-SIZE,2.4,5,A5,Z,11.7,7.8,9.9,29,228
2000,VOLVO,S70,MID-SIZE,2.4,5,M5,Z,11.1,7.5,9.5,30,218
2000,VOLVO,S70 AWD TURBO,MID-SIZE,2.4,5,A4,Z,12.8,8.7,11.0,26,253
2000,VOLVO,S70 GLT TURBO,MID-SIZE,2.4,5,A4,Z,12.1,8.2,10.3,27,237
2000,VOLVO,S70 T5 TURBO,MID-SIZE,2.3,5,A4,Z,12.4,8.0,10.4,27,239
2000,VOLVO,S70 T5 TURBO,MID-SIZE,2.3,5,M5,Z,11.5,7.8,9.8,29,225
2000,VOLVO,S80 2.9,MID-SIZE,2.9,6,A4,Z,12.9,8.4,10.9,26,251
2000,VOLVO,S80 T-6,MID-SIZE,2.8,6,AS4,Z,13.5,8.7,11.3,25,260
2000,VOLVO,V70,STATION WAGON - MID-SIZE,2.4,5,A5,Z,11.7,7.8,9.9,29,228
2000,VOLVO,V70,STATION WAGON - MID-SIZE,2.4,5,M5,Z,11.1,7.5,9.5,30,218
2000,VOLVO,V70 AWD TURBO,STATION WAGON - MID-SIZE,2.4,5,A4,Z,12.8,8.7,11.0,26,253
2000,VOLVO,V70 GLT TURBO,STATION WAGON - MID-SIZE,2.4,5,A4,Z,12.1,8.2,10.3,27,237
2000,VOLVO,V70 T5 TURBO,STATION WAGON - MID-SIZE,2.3,5,A4,Z,12.4,8.0,10.4,27,239
2000,VOLVO,V70 T5 TURBO,STATION WAGON - MID-SIZE,2.3,5,M5,Z,11.5,7.8,9.8,29,225
2000,VOLVO,V70R AWD TURBO,STATION WAGON - MID-SIZE,2.4,5,A5,Z,13.1,9.2,11.3,25,260
2001,ACURA,1.7EL,COMPACT,1.7,4,A4,X,8.0,6.0,7.1,40,163
2001,ACURA,1.7EL,COMPACT,1.7,4,M5,X,7.7,6.2,7.0,40,161
2001,ACURA,3.2CL,COMPACT,3.2,6,AS5,Z,12.2,7.4,10.0,28,230
2001,ACURA,3.2TL,MID-SIZE,3.2,6,AS5,Z,12.3,7.4,10.1,28,232
2001,ACURA,3.5RL,MID-SIZE,3.5,6,A4,Z,13.4,9.2,11.5,25,264
2001,ACURA,INTEGRA,SUBCOMPACT,1.8,4,A4,X,10.0,7.1,8.7,32,200
2001,ACURA,INTEGRA,SUBCOMPACT,1.8,4,M5,X,9.3,7.0,8.3,34,191
2001,ACURA,INTEGRA GS-R,SUBCOMPACT,1.8,4,M5,Z,9.4,7.1,8.4,34,193
2001,ACURA,MDX,SUV,3.5,6,A5,Z,13.9,9.4,11.9,24,274
2001,ACURA,NSX,TWO-SEATER,3.0,6,AS4,Z,13.7,9.2,11.7,24,269
2001,ACURA,NSX,TWO-SEATER,3.2,6,M6,Z,14.0,9.1,11.8,24,271
2001,AUDI,A4,COMPACT,1.8,4,A5,Z,11.7,7.6,9.9,29,228
2001,AUDI,A4,COMPACT,1.8,4,M5,Z,10.4,6.8,8.8,32,202
2001,AUDI,A4,COMPACT,2.8,6,A5,Z,13.0,8.2,10.8,26,248
2001,AUDI,A4 QUATTRO,COMPACT,1.8,4,A5,Z,11.8,7.9,10.0,28,230
2001,AUDI,A4 QUATTRO,COMPACT,1.8,4,M5,Z,10.8,7.2,9.2,31,212
2001,AUDI,A4 QUATTRO,COMPACT,2.8,6,A5,Z,13.3,8.5,11.1,25,255
2001,AUDI,A4 QUATTRO,COMPACT,2.8,6,M5,Z,12.7,8.7,10.9,26,251
2001,AUDI,A6,MID-SIZE,2.8,6,A5,Z,13.4,8.6,11.2,25,258
2001,AUDI,A6 AVANT QUATTRO WAGON,STATION WAGON - MID-SIZE,2.8,6,A5,Z,13.8,9.1,11.7,24,269
2001,AUDI,A6 QUATTRO,MID-SIZE,2.7,6,A5,Z,13.6,8.9,11.5,25,264
2001,AUDI,A6 QUATTRO,MID-SIZE,2.7,6,M6,Z,13.6,9.1,11.6,24,267
2001,AUDI,A6 QUATTRO,MID-SIZE,2.8,6,A5,Z,13.8,9.1,11.7,24,269
2001,AUDI,A6 QUATTRO,MID-SIZE,4.2,8,A5,Z,13.8,8.7,11.5,25,264
2001,AUDI,A8 L,FULL-SIZE,4.2,8,A5,Z,13.8,8.7,11.5,25,264
2001,AUDI,A8 QUATTRO,FULL-SIZE,4.2,8,A5,Z,13.8,8.7,11.5,25,264
2001,AUDI,ALLROAD,SUV,2.7,6,A5,Z,15.4,10.5,13.2,21,304
2001,AUDI,ALLROAD,SUV,2.7,6,M6,Z,14.8,10.4,12.8,22,294
2001,AUDI,S4 QUATTRO,COMPACT,2.7,6,A5,Z,13.6,8.9,11.5,25,264
2001,AUDI,S4 QUATTRO,COMPACT,2.7,6,M6,Z,13.6,9.1,11.6,24,267
2001,AUDI,S8 QUATTRO #,MID-SIZE,4.2,8,A5,Z,16.0,10.1,13.3,21,306
2001,AUDI,TT COUPE QUATTRO,MINICOMPACT,1.8,4,M5,Z,11.6,7.6,9.8,29,225
2001,AUDI,TT COUPE QUATTRO #,MINICOMPACT,1.8,4,M6,Z,11.6,7.7,9.8,29,225
2001,AUDI,TT ROADSTER,TWO-SEATER,1.8,4,M5,Z,10.9,7.3,9.3,30,214
2001,AUDI,TT ROADSTER QUATTRO #,TWO-SEATER,1.8,4,M6,Z,11.6,7.7,9.8,29,225
2001,BMW,320i,COMPACT,2.2,6,A5,Z,11.6,7.4,9.7,29,223
2001,BMW,320i,COMPACT,2.2,6,M5,Z,11.3,7.2,9.5,30,218
2001,BMW,325Ci,SUBCOMPACT,2.5,6,A5,Z,11.8,7.9,10.0,28,230
2001,BMW,325Ci,SUBCOMPACT,2.5,6,M5,Z,11.5,7.3,9.6,29,221
2001,BMW,325Ci CONVERTIBLE,MINICOMPACT,2.5,6,A5,Z,12.2,8.2,10.4,27,239
2001,BMW,325Ci CONVERTIBLE,MINICOMPACT,2.5,6,M5,Z,12.4,8.0,10.4,27,239
2001,BMW,325i,COMPACT,2.5,6,A5,Z,11.8,7.9,10.0,28,230
2001,BMW,325i,COMPACT,2.5,6,M5,Z,11.5,7.3,9.6,29,221
2001,BMW,325xi,COMPACT,2.5,6,A5,Z,12.0,8.4,10.4,27,239
2001,BMW,325xi,COMPACT,2.5,6,M5,Z,12.1,8.0,10.3,27,237
2001,BMW,330Ci,SUBCOMPACT,3.0,6,A5,Z,11.6,7.7,9.8,29,225
2001,BMW,330Ci,SUBCOMPACT,3.0,6,M5,Z,11.3,7.3,9.5,30,218
2001,BMW,330Ci CONVERTIBLE,MINICOMPACT,3.0,6,A5,Z,12.6,8.3,10.7,26,246
2001,BMW,330Ci CONVERTIBLE,MINICOMPACT,3.0,6,M5,Z,12.9,8.7,11.0,26,253
2001,BMW,330i,COMPACT,3.0,6,A5,Z,11.6,7.7,9.8,29,225
2001,BMW,330i,COMPACT,3.0,6,M5,Z,11.3,7.3,9.5,30,218
2001,BMW,330xi,COMPACT,3.0,6,A5,Z,13.0,8.6,11.0,26,253
2001,BMW,330xi,COMPACT,3.0,6,M5,Z,11.9,7.9,10.1,28,232
2001,BMW,525i,COMPACT,2.5,6,A5,Z,11.8,7.9,10.0,28,230
2001,BMW,525i,COMPACT,2.5,6,M5,Z,11.5,7.3,9.6,29,221
2001,BMW,525i SPORT WAGON,STATION WAGON - SMALL,2.5,6,A5,Z,12.2,8.2,10.4,27,239
2001,BMW,525i SPORT WAGON,STATION WAGON - SMALL,2.5,6,M5,Z,12.4,8.0,10.4,27,239
2001,BMW,530i,COMPACT,3.0,6,A5,Z,12.6,8.3,10.7,26,246
2001,BMW,530i,COMPACT,3.0,6,M5,Z,11.3,7.3,9.5,30,218
2001,BMW,540i,COMPACT,4.4,8,A5,Z,13.1,8.8,11.2,25,258
2001,BMW,540i,COMPACT,4.4,8,M6,Z,14.7,9.1,12.2,23,281
2001,BMW,540i SPORT WAGON,STATION WAGON - SMALL,4.4,8,A5,Z,13.9,10.1,12.2,23,281
2001,BMW,740i,MID-SIZE,4.4,8,A5,Z,13.8,9.2,11.7,24,269
2001,BMW,740iL,FULL-SIZE,4.4,8,A5,Z,13.8,9.2,11.7,24,269
2001,BMW,750iL,FULL-SIZE,5.4,12,A5,Z,17.3,10.8,14.4,20,331
2001,BMW,M COUPE,TWO-SEATER,3.2,6,M5,Z,13.6,8.8,11.4,25,262
2001,BMW,M ROADSTER,TWO-SEATER,3.2,6,M5,Z,13.6,8.8,11.4,25,262
2001,BMW,M3,SUBCOMPACT,3.2,6,M6,Z,14.5,9.0,12.0,24,276
2001,BMW,M3 CONVERTIBLE,MINICOMPACT,3.2,6,M6,Z,14.9,9.4,12.4,23,285
2001,BMW,M5,COMPACT,4.9,8,M6,Z,17.5,10.5,14.4,20,331
2001,BMW,X5,SUV,3.0,6,A5,Z,14.7,10.8,12.9,22,297
2001,BMW,X5,SUV,3.0,6,M5,Z,15.6,10.6,13.4,21,308
2001,BMW,X5,SUV,4.4,8,A5,Z,16.4,11.9,14.4,20,331
2001,BMW,Z3,TWO-SEATER,2.5,6,A4,Z,11.8,8.1,10.1,28,232
2001,BMW,Z3,TWO-SEATER,2.5,6,M5,Z,11.8,7.9,10.0,28,230
2001,BMW,Z3,TWO-SEATER,3.0,6,A5,Z,12.0,8.3,10.3,27,237
2001,BMW,Z3,TWO-SEATER,3.0,6,M5,Z,11.2,7.6,9.6,29,221
2001,BMW,Z8,TWO-SEATER,4.9,8,M6,Z,17.5,10.5,14.4,20,331
2001,BUICK,CENTURY,MID-SIZE,3.1,6,A4,X,11.5,7.6,9.7,29,223
2001,BUICK,LESABRE,FULL-SIZE,3.8,6,A4,X,12.3,7.3,10.0,28,230
2001,BUICK,PARK AVENUE,FULL-SIZE,3.8,6,A4,X,12.3,7.3,10.0,28,230
2001,BUICK,PARK AVENUE #,FULL-SIZE,3.8,6,A4,Z,12.9,7.7,10.6,27,244
2001,BUICK,REGAL,MID-SIZE,3.8,6,A4,X,12.7,7.4,10.3,27,237
2001,BUICK,REGAL #,MID-SIZE,3.8,6,A4,Z,12.9,7.7,10.6,27,244
2001,CADILLAC,CATERA,MID-SIZE,3.0,6,A4,Z,13.8,9.2,11.7,24,269
2001,CADILLAC,DEVILLE,FULL-SIZE,4.6,8,A4,Z,14.0,7.9,11.3,25,260
2001,CADILLAC,ELDORADO,MID-SIZE,4.6,8,A4,Z,14.0,7.9,11.3,25,260
2001,CADILLAC,SEVILLE,MID-SIZE,4.6,8,A4,Z,14.0,7.9,11.3,25,260
2001,CHEVROLET,ASTRO CARGO,VAN - CARGO,4.3,6,A4,X,13.8,9.7,12.0,24,276
2001,CHEVROLET,ASTRO CARGO AWD,VAN - CARGO,4.3,6,A4,X,15.5,10.9,13.4,21,308
2001,CHEVROLET,ASTRO PASSENGER,VAN - PASSENGER,4.3,6,A4,X,14.3,10.0,12.4,23,285
2001,CHEVROLET,ASTRO PASSENGER AWD,VAN - PASSENGER,4.3,6,A4,X,16.1,11.8,14.2,20,327
2001,CHEVROLET,BLAZER,SUV,4.3,6,A4,X,13.8,9.7,12.0,24,276
2001,CHEVROLET,BLAZER,SUV,4.3,6,M5,X,15.3,10.4,13.1,22,301
2001,CHEVROLET,BLAZER 4X4,SUV,4.3,6,A4,X,15.5,10.9,13.4,21,308
2001,CHEVROLET,BLAZER 4X4,SUV,4.3,6,M5,X,16.9,12.4,14.9,19,343
2001,CHEVROLET,C1500 SILVERADO,PICKUP TRUCK - STANDARD,4.3,6,A4,X,14.3,10.0,12.4,23,285
2001,CHEVROLET,C1500 SILVERADO,PICKUP TRUCK - STANDARD,4.3,6,M5,X,15.4,10.7,13.3,21,306
2001,CHEVROLET,C1500 SILVERADO,PICKUP TRUCK - STANDARD,4.8,8,A4,X,15.3,10.9,13.3,21,306
2001,CHEVROLET,C1500 SILVERADO,PICKUP TRUCK - STANDARD,4.8,8,M5,X,16.8,10.9,14.1,20,324
2001,CHEVROLET,C1500 SILVERADO,PICKUP TRUCK - STANDARD,5.3,8,A4,X,15.8,11.8,14.0,20,322
2001,CHEVROLET,C1500 SUBURBAN,SUV,5.3,8,A4,X,16.9,12.7,15.0,19,345
2001,CHEVROLET,C1500 TAHOE,SUV,4.8,8,A4,X,15.8,11.0,13.6,21,313
2001,CHEVROLET,C1500 TAHOE,SUV,5.3,8,A4,X,16.9,12.7,15.0,19,345
2001,CHEVROLET,CAMARO,SUBCOMPACT,3.8,6,A4,X,12.2,7.1,9.9,29,228
2001,CHEVROLET,CAMARO,SUBCOMPACT,3.8,6,M5,X,12.3,7.0,9.9,29,228
2001,CHEVROLET,CAMARO,SUBCOMPACT,5.7,8,A4,Z,13.1,8.7,11.1,25,255
2001,CHEVROLET,CAMARO,SUBCOMPACT,5.7,8,M6,Z,12.4,8.0,10.4,27,239
2001,CHEVROLET,CAVALIER,COMPACT,2.2,4,A4,X,10.3,7.1,8.9,32,205
2001,CHEVROLET,CAVALIER,COMPACT,2.2,4,M5,X,10.8,6.8,9.0,31,207
2001,CHEVROLET,CAVALIER,COMPACT,2.4,4,A4,X,11.4,7.6,9.7,29,223
2001,CHEVROLET,CAVALIER,COMPACT,2.4,4,M5,X,11.2,6.9,9.3,30,214
2001,CHEVROLET,CAVALIER BI-FUEL,COMPACT,2.2,4,A4,X,10.3,7.1,8.9,32,205
2001,CHEVROLET,CORVETTE,TWO-SEATER,5.7,8,A4,Z,13.1,8.6,11.1,25,255
2001,CHEVROLET,CORVETTE,TWO-SEATER,5.7,8,M6,Z,12.4,7.9,10.4,27,239
2001,CHEVROLET,G15/G25 CHEVY VAN,VAN - CARGO,4.3,6,A4,X,15.9,11.9,14.1,20,324
2001,CHEVROLET,G15/G25 CHEVY VAN,VAN - CARGO,5.0,8,A4,X,16.9,12.5,14.9,19,343
2001,CHEVROLET,G15/G25 CHEVY VAN,VAN - CARGO,5.7,8,A4,X,17.4,12.7,15.3,18,352
2001,CHEVROLET,G1500/G2500 CHEVY EXPRESS,VAN - PASSENGER,4.3,6,A4,X,16.5,12.2,14.6,19,336
2001,CHEVROLET,G1500/G2500 CHEVY EXPRESS,VAN - PASSENGER,5.0,8,A4,X,16.9,12.5,14.9,19,343
2001,CHEVROLET,G1500/G2500 CHEVY EXPRESS,VAN - PASSENGER,5.7,8,A4,X,18.0,12.8,15.7,18,361
2001,CHEVROLET,IMPALA,FULL-SIZE,3.4,6,A4,X,11.0,6.7,9.1,31,209
2001,CHEVROLET,IMPALA,FULL-SIZE,3.8,6,A4,X,12.7,7.4,10.3,27,237
2001,CHEVROLET,K1500 SILVERADO 4X4,PICKUP TRUCK - STANDARD,4.3,6,A4,X,15.5,10.9,13.4,21,308
2001,CHEVROLET,K1500 SILVERADO 4X4,PICKUP TRUCK - STANDARD,4.3,6,M5,X,16.9,12.4,14.9,19,343
2001,CHEVROLET,K1500 SILVERADO 4X4,PICKUP TRUCK - STANDARD,4.8,8,A4,X,15.4,11.6,13.7,21,315
2001,CHEVROLET,K1500 SILVERADO 4X4,PICKUP TRUCK - STANDARD,4.8,8,M5,X,18.4,12.6,15.8,18,363
2001,CHEVROLET,K1500 SILVERADO 4X4,PICKUP TRUCK - STANDARD,5.3,8,A4,X,16.2,12.4,14.5,19,334
2001,CHEVROLET,K1500 SUBURBAN 4X4,SUV,5.3,8,A4,X,17.3,13.2,15.5,18,356
2001,CHEVROLET,K1500 TAHOE 4X4,SUV,4.8,8,A4,X,15.4,11.6,13.7,21,315
2001,CHEVROLET,K1500 TAHOE 4X4,SUV,5.3,8,A4,X,17.1,12.8,15.2,19,350
2001,CHEVROLET,MALIBU,MID-SIZE,3.1,6,A4,X,11.5,7.6,9.7,29,223
2001,CHEVROLET,MONTE CARLO,MID-SIZE,3.4,6,A4,X,11.0,6.7,9.1,31,209
2001,CHEVROLET,MONTE CARLO,MID-SIZE,3.8,6,A4,X,12.7,7.4,10.3,27,237
2001,CHEVROLET,S10,PICKUP TRUCK - SMALL,4.3,6,A4,X,13.8,9.7,12.0,24,276
2001,CHEVROLET,S10,PICKUP TRUCK - SMALL,4.3,6,M5,X,15.3,10.4,13.1,22,301
2001,CHEVROLET,S10 4X4,PICKUP TRUCK - STANDARD,4.3,6,A4,X,16.4,12.4,14.6,19,336
2001,CHEVROLET,S10 4X4,PICKUP TRUCK - STANDARD,4.3,6,M5,X,16.8,12.2,14.7,19,338
2001,CHEVROLET,S10 FFV,PICKUP TRUCK - SMALL,2.2,4,A4,X,12.6,8.5,10.8,26,248
2001,CHEVROLET,S10 FFV,PICKUP TRUCK - SMALL,2.2,4,A4,E,17.7,12.2,15.2,19,243
2001,CHEVROLET,S10 FFV,PICKUP TRUCK - SMALL,2.2,4,M5,X,11.5,7.8,9.8,29,225
2001,CHEVROLET,S10 FFV,PICKUP TRUCK - SMALL,2.2,4,M5,E,15.6,11.0,13.5,21,216
2001,CHEVROLET,TRACKER CONVERTIBLE 4X4,SUV,1.6,4,M5,X,9.2,7.6,8.5,33,196
2001,CHEVROLET,TRACKER CONVERTIBLE 4X4,SUV,2.0,4,A4,X,10.3,8.4,9.4,30,216
2001,CHEVROLET,TRACKER CONVERTIBLE 4X4,SUV,2.0,4,M5,X,10.5,8.4,9.6,29,221
2001,CHEVROLET,TRACKER VAN 4X4,SUV,2.0,4,A4,X,10.3,8.3,9.4,30,216
2001,CHEVROLET,TRACKER VAN 4X4,SUV,2.0,4,M5,X,10.5,8.4,9.6,29,221
2001,CHEVROLET,VENTURE,MINIVAN,3.4,6,A4,X,12.3,8.3,10.5,27,242
2001,CHRYSLER,300M,FULL-SIZE,3.5,6,AS4,X,13.1,8.4,11.0,26,253
2001,CHRYSLER,CONCORDE,FULL-SIZE,2.7,6,A4,X,11.9,7.8,10.1,28,232
2001,CHRYSLER,CONCORDE,FULL-SIZE,3.2,6,A4,X,12.6,8.0,10.5,27,242
2001,CHRYSLER,INTREPID,FULL-SIZE,2.7,6,A4,X,11.9,7.8,10.1,28,232
2001,CHRYSLER,INTREPID,FULL-SIZE,2.7,6,AS4,X,11.8,7.6,9.9,29,228
2001,CHRYSLER,INTREPID,FULL-SIZE,3.2,6,AS4,X,12.6,8.0,10.5,27,242
2001,CHRYSLER,INTREPID,FULL-SIZE,3.5,6,AS4,X,13.1,8.4,11.0,26,253
2001,CHRYSLER,LHS,FULL-SIZE,3.5,6,A4,X,13.1,8.3,10.9,26,251
2001,CHRYSLER,NEON,COMPACT,2.0,4,A3,X,9.9,7.0,8.6,33,198
2001,CHRYSLER,NEON,COMPACT,2.0,4,M5,X,8.6,6.5,7.7,37,177
2001,CHRYSLER,NEON R/T #,COMPACT,2.0,4,M5,X,9.2,6.7,8.1,35,186
2001,CHRYSLER,PT CRUISER,SUV,2.4,4,A4,X,11.9,8.6,10.4,27,239
2001,CHRYSLER,PT CRUISER,SUV,2.4,4,M5,X,11.7,8.3,10.2,28,235
2001,CHRYSLER,SEBRING,MID-SIZE,2.4,4,A4,X,11.7,7.0,9.6,29,221
2001,CHRYSLER,SEBRING,MID-SIZE,2.7,6,A4,X,11.9,7.8,10.1,28,232
2001,CHRYSLER,SEBRING,MID-SIZE,2.7,6,AS4,X,11.8,7.6,9.9,29,228
2001,CHRYSLER,SEBRING CONVERTIBLE,COMPACT,2.7,6,A4,X,11.9,7.8,10.1,28,232
2001,CHRYSLER,SEBRING CONVERTIBLE,COMPACT,2.7,6,AS4,X,11.8,7.6,9.9,29,228
2001,CHRYSLER,SEBRING COUPE,COMPACT,2.4,4,A4,X,11.5,7.9,9.9,29,228
2001,CHRYSLER,SEBRING COUPE,COMPACT,3.0,6,A4,X,12.3,8.0,10.4,27,239
2001,CHRYSLER,SEBRING COUPE,COMPACT,3.0,6,AS4,X,12.3,8.1,10.4,27,239
2001,CHRYSLER,SEBRING COUPE,COMPACT,3.0,6,M5,X,11.6,7.7,9.8,29,225
2001,CHRYSLER,TOWN & COUNTRY,MINIVAN,3.3,6,A4,X,13.3,9.0,11.4,25,262
2001,CHRYSLER,TOWN & COUNTRY,MINIVAN,3.8,6,A4,X,13.7,9.2,11.7,24,269
2001,CHRYSLER,TOWN & COUNTRY AWD,MINIVAN,3.8,6,A4,X,14.0,9.6,12.0,24,276
2001,DAEWOO,LANOS,COMPACT,1.5,4,A4,X,9.9,5.9,8.1,35,186
2001,DAEWOO,LANOS,COMPACT,1.5,4,M5,X,9.0,5.9,7.6,37,175
2001,DAEWOO,LANOS,COMPACT,1.6,4,A4,X,10.2,6.4,8.5,33,196
2001,DAEWOO,LANOS,COMPACT,1.6,4,M5,X,9.1,6.0,7.7,37,177
2001,DAEWOO,LEGANZA,MID-SIZE,2.2,4,A4,X,11.9,7.8,10.1,28,232
2001,DAEWOO,LEGANZA,MID-SIZE,2.2,4,M5,X,11.6,7.4,9.7,29,223
2001,DAEWOO,NUBIRA,COMPACT,2.0,4,A4,X,10.6,7.1,9.0,31,207
2001,DAEWOO,NUBIRA,COMPACT,2.0,4,M5,X,10.5,6.9,8.9,32,205
2001,DAEWOO,NUBIRA WAGON,STATION WAGON - SMALL,2.0,4,A4,X,10.6,7.1,9.0,31,207
2001,DAEWOO,NUBIRA WAGON,STATION WAGON - SMALL,2.0,4,M5,X,10.5,6.9,8.9,32,205
2001,DODGE,CARAVAN,MINIVAN,3.3,6,A4,X,13.3,9.0,11.4,25,262
2001,DODGE,DAKOTA,PICKUP TRUCK - STANDARD,3.9,6,A4,X,15.1,10.7,13.1,22,301
2001,DODGE,DAKOTA,PICKUP TRUCK - STANDARD,3.9,6,M5,X,15.9,10.1,13.3,21,306
2001,DODGE,DAKOTA,PICKUP TRUCK - STANDARD,3.9,6,M5,X,16.2,10.2,13.5,21,310
2001,DODGE,DAKOTA,PICKUP TRUCK - STANDARD,4.7,8,A4,X,16.6,11.1,14.1,20,324
2001,DODGE,DAKOTA,PICKUP TRUCK - STANDARD,4.7,8,M5,X,16.1,10.6,13.6,21,313
2001,DODGE,DAKOTA,PICKUP TRUCK - STANDARD,5.9,8,A4,X,18.8,12.6,16.0,18,368
2001,DODGE,DAKOTA 4X4,PICKUP TRUCK - STANDARD,3.9,6,A4,X,16.3,11.9,14.3,20,329
2001,DODGE,DAKOTA 4X4,PICKUP TRUCK - STANDARD,3.9,6,M5,X,16.3,10.9,13.9,20,320
2001,DODGE,DAKOTA 4X4,PICKUP TRUCK - STANDARD,4.7,8,A4,X,17.7,11.9,15.1,19,347
2001,DODGE,DAKOTA 4X4,PICKUP TRUCK - STANDARD,4.7,8,M5,X,16.8,11.6,14.5,19,334
2001,DODGE,DAKOTA 4X4,PICKUP TRUCK - STANDARD,5.9,8,A4,X,19.6,12.8,16.5,17,380
2001,DODGE,DAKOTA 4X4,PICKUP TRUCK - STANDARD,5.9,8,A4,X,19.9,12.8,16.7,17,384
2001,DODGE,DURANGO 4X4,SUV,4.7,8,A4,X,18.3,12.2,15.6,18,359
2001,DODGE,DURANGO 4X4,SUV,5.9,8,A4,X,19.6,12.8,16.5,17,380
2001,DODGE,DURANGO 5.9 R/T 4X4 #,SUV,5.9,8,A4,Z,19.6,12.8,16.5,17,380
2001,DODGE,GRAND CARAVAN,MINIVAN,3.3,6,A4,X,13.3,9.0,11.4,25,262
2001,DODGE,GRAND CARAVAN,MINIVAN,3.8,6,A4,X,13.7,9.2,11.7,24,269
2001,DODGE,GRAND CARAVAN,MINIVAN,3.8,6,AS4,X,13.7,9.1,11.6,24,267
2001,DODGE,GRAND CARAVAN AWD,MINIVAN,3.8,6,A4,X,14.0,9.6,12.0,24,276
2001,DODGE,GRAND CARAVAN AWD,MINIVAN,3.8,6,AS4,X,14.2,9.5,12.1,23,278
2001,DODGE,RAM 1500,PICKUP TRUCK - STANDARD,3.9,6,A4,X,15.3,10.8,13.3,21,306
2001,DODGE,RAM 1500,PICKUP TRUCK - STANDARD,3.9,6,A4,X,15.2,11.0,13.3,21,306
2001,DODGE,RAM 1500,PICKUP TRUCK - STANDARD,3.9,6,M5,X,16.4,10.5,13.7,21,315
2001,DODGE,RAM 1500,PICKUP TRUCK - STANDARD,3.9,6,M5,X,15.9,10.4,13.4,21,308
2001,DODGE,RAM 1500,PICKUP TRUCK - STANDARD,5.2,8,A4,X,18.2,11.9,15.4,18,354
2001,DODGE,RAM 1500,PICKUP TRUCK - STANDARD,5.2,8,A4,X,18.1,11.7,15.2,19,350
2001,DODGE,RAM 1500,PICKUP TRUCK - STANDARD,5.2,8,M5,X,18.3,11.4,15.2,19,350
2001,DODGE,RAM 1500,PICKUP TRUCK - STANDARD,5.9,8,A4,X,19.4,12.5,16.3,17,375
2001,DODGE,RAM 1500,PICKUP TRUCK - STANDARD,5.9,8,A4,X,19.4,11.9,16.0,18,368
2001,DODGE,RAM 1500 4X4,PICKUP TRUCK - STANDARD,5.2,8,A4,X,19.6,13.3,16.8,17,386
2001,DODGE,RAM 1500 4X4,PICKUP TRUCK - STANDARD,5.2,8,M5,X,20.1,13.1,17.0,17,391
2001,DODGE,RAM 1500 4X4,PICKUP TRUCK - STANDARD,5.9,8,A4,X,19.6,12.5,16.4,17,377
2001,DODGE,RAM 1500 VAN,VAN - CARGO,3.9,6,A3,X,16.0,13.1,14.7,19,338
2001,DODGE,RAM 1500 VAN,VAN - CARGO,5.2,8,A4,X,18.1,11.8,15.3,18,352
2001,DODGE,RAM 1500 VAN,VAN - CARGO,5.9,8,A4,X,19.5,12.5,16.4,17,377
2001,DODGE,RAM 1500 WAGON,VAN - PASSENGER,3.9,6,A3,X,17.1,13.2,15.3,18,352
2001,DODGE,RAM 1500 WAGON,VAN - PASSENGER,5.2,8,A4,X,18.1,11.8,15.3,18,352
2001,DODGE,RAM 2500 VAN,VAN - CARGO,3.9,6,A3,X,17.1,13.2,15.3,18,352
2001,DODGE,RAM 2500 VAN,VAN - CARGO,5.2,8,A4,X,18.1,11.8,15.3,18,352
2001,DODGE,RAM 2500 VAN,VAN - CARGO,5.9,8,A4,X,19.5,12.5,16.4,17,377
2001,DODGE,RAM 2500 VAN CNG,VAN - CARGO,5.2,8,A4,N,18.9,14.0,16.7,17,316
2001,DODGE,RAM 2500 WAGON,VAN - PASSENGER,5.2,8,A4,X,19.4,13.5,16.7,17,384
2001,DODGE,RAM 2500 WAGON,VAN - PASSENGER,5.9,8,A4,X,19.6,12.4,16.4,17,377
2001,DODGE,RAM 2500 WAGON CNG,VAN - PASSENGER,5.2,8,A4,N,19.4,13.8,16.9,17,319
2001,DODGE,VIPER GTS,TWO-SEATER,8.0,10,M6,Z,20.9,10.5,16.2,17,373
2001,DODGE,VIPER RT/10,TWO-SEATER,8.0,10,M6,Z,20.9,10.5,16.2,17,373
2001,FORD,COUGAR,COMPACT,2.5,6,A4,X,11.8,7.5,9.9,29,228
2001,FORD,COUGAR,COMPACT,2.5,6,M5,X,11.4,7.2,9.5,30,218
2001,FORD,CROWN VICTORIA,FULL-SIZE,4.6,8,A4,X,13.3,8.6,11.2,25,258
2001,FORD,CROWN VICTORIA NGV,FULL-SIZE,4.6,8,A4,N,15.6,9.4,12.8,22,242
2001,FORD,E150 CLUB WAGON,VAN - PASSENGER,4.2,6,A4,X,16.2,11.1,13.9,20,320
2001,FORD,E150 CLUB WAGON,VAN - PASSENGER,4.6,8,A4,X,16.3,11.0,13.9,20,320
2001,FORD,E150 CLUB WAGON,VAN - PASSENGER,5.4,8,A4,X,18.3,12.8,15.8,18,363
2001,FORD,E150 VAN,VAN - CARGO,4.2,6,A4,X,16.2,11.1,13.9,20,320
2001,FORD,E150 VAN,VAN - CARGO,4.6,8,A4,X,15.0,10.5,13.0,22,299
2001,FORD,E150 VAN,VAN - CARGO,5.4,8,A4,X,16.1,11.3,13.9,20,320
2001,FORD,E250 VAN,VAN - CARGO,4.2,6,A4,X,16.2,11.1,13.9,20,320
2001,FORD,E250 VAN,VAN - CARGO,5.4,8,A4,X,18.9,13.8,16.6,17,382
2001,FORD,E250 VAN NGV,VAN - CARGO,5.4,8,A4,N,20.1,14.9,17.8,16,336
2001,FORD,ESCAPE,SUV,2.0,4,M5,X,10.0,7.7,9.0,31,207
2001,FORD,ESCAPE,SUV,3.0,6,A4,X,13.1,8.9,11.2,25,258
2001,FORD,ESCAPE 4X4,SUV,2.0,4,M5,X,10.6,8.3,9.6,29,221
2001,FORD,ESCAPE 4X4,SUV,3.0,6,A4,X,13.4,9.2,11.5,25,264
2001,FORD,EX SPORT 4X4,SUV,4.0,6,A5,X,15.7,11.2,13.7,21,315
2001,FORD,EX SPORT TRAC,PICKUP TRUCK - STANDARD,4.0,6,A5,X,15.0,10.6,13.0,22,299
2001,FORD,EX SPORT TRAC,PICKUP TRUCK - STANDARD,4.0,6,M5,X,13.7,10.3,12.2,23,281
2001,FORD,EX SPORT TRAC 4X4,PICKUP TRUCK - STANDARD,4.0,6,A5,X,15.7,11.2,13.7,21,315
2001,FORD,EX SPORT TRAC 4X4,PICKUP TRUCK - STANDARD,4.0,6,M5,X,14.6,11.0,13.0,22,299
2001,FORD,EXPEDITION 4X4,SUV,4.6,8,A4,X,16.9,11.9,14.6,19,336
2001,FORD,EXPEDITION 4X4,SUV,5.4,8,A4,X,19.2,13.1,16.5,17,380
2001,FORD,EXPLORER 4X4,SUV,4.0,6,A5,X,15.7,11.2,13.7,21,315
2001,FORD,EXPLORER 4X4,SUV,5.0,8,A4,X,16.8,11.3,14.3,20,329
2001,FORD,F150,PICKUP TRUCK - STANDARD,4.2,6,A4,X,14.7,10.7,12.9,22,297
2001,FORD,F150,PICKUP TRUCK - STANDARD,4.2,6,M5,X,14.5,10.7,12.8,22,294
2001,FORD,F150,PICKUP TRUCK - STANDARD,4.6,8,A4,X,15.0,10.6,13.0,22,299
2001,FORD,F150,PICKUP TRUCK - STANDARD,4.6,8,M5,X,15.5,11.3,13.6,21,313
2001,FORD,F150,PICKUP TRUCK - STANDARD,5.4,8,A4,X,16.1,11.3,13.9,20,320
2001,FORD,F150 4X4,PICKUP TRUCK - STANDARD,4.2,6,A4,X,15.4,11.4,13.6,21,313
2001,FORD,F150 4X4,PICKUP TRUCK - STANDARD,4.2,6,M5,X,15.5,11.5,13.7,21,315
2001,FORD,F150 4X4,PICKUP TRUCK - STANDARD,4.6,8,A4,X,15.6,11.7,13.8,20,317
2001,FORD,F150 4X4,PICKUP TRUCK - STANDARD,4.6,8,M5,X,16.6,11.9,14.5,19,334
2001,FORD,F150 4X4,PICKUP TRUCK - STANDARD,5.4,8,A4,X,17.4,12.8,15.3,18,352
2001,FORD,FOCUS,COMPACT,2.0,4,A4,X,9.2,6.6,8.0,35,184
2001,FORD,FOCUS,COMPACT,2.0,4,M5,X,8.3,6.0,7.3,39,168
2001,FORD,FOCUS #,COMPACT,2.0,4,A4,X,9.5,6.9,8.3,34,191
2001,FORD,FOCUS #,COMPACT,2.0,4,M5,X,9.5,6.6,8.2,34,189
2001,FORD,FOCUS WAGON,STATION WAGON - MID-SIZE,2.0,4,A4,X,9.2,6.6,8.0,35,184
2001,FORD,FOCUS WAGON,STATION WAGON - MID-SIZE,2.0,4,M5,X,8.3,6.0,7.3,39,168
2001,FORD,FOCUS WAGON #,STATION WAGON - MID-SIZE,2.0,4,A4,X,9.5,6.9,8.3,34,191
2001,FORD,FOCUS WAGON #,STATION WAGON - MID-SIZE,2.0,4,M5,X,9.5,6.6,8.2,34,189
2001,FORD,GRAND MARQUIS,FULL-SIZE,4.6,8,A4,X,13.3,8.6,11.2,25,258
2001,FORD,MUSTANG,SUBCOMPACT,3.8,6,A4,X,12.3,8.1,10.4,27,239
2001,FORD,MUSTANG,SUBCOMPACT,3.8,6,M5,X,12.2,7.5,10.1,28,232
2001,FORD,MUSTANG,SUBCOMPACT,4.6,8,A4,X,13.2,8.7,11.2,25,258
2001,FORD,MUSTANG,SUBCOMPACT,4.6,8,M5,X,13.4,8.7,11.3,25,260
2001,FORD,MUSTANG #,SUBCOMPACT,4.6,8,M5,Z,13.9,8.7,11.6,24,267
2001,FORD,RANGER,PICKUP TRUCK - STANDARD,3.0,6,A5,X,14.3,10.2,12.5,23,288
2001,FORD,RANGER,PICKUP TRUCK - STANDARD,3.0,6,M5,X,13.6,9.6,11.8,24,271
2001,FORD,RANGER,PICKUP TRUCK - STANDARD,4.0,6,A5,X,14.2,10.2,12.4,23,285
2001,FORD,RANGER,PICKUP TRUCK - STANDARD,4.0,6,M5,X,13.7,10.2,12.1,23,278
2001,FORD,RANGER 4X4,PICKUP TRUCK - STANDARD,3.0,6,A5,X,15.7,11.5,13.8,20,317
2001,FORD,RANGER 4X4,PICKUP TRUCK - STANDARD,3.0,6,M5,X,14.1,10.7,12.6,22,290
2001,FORD,RANGER 4X4,PICKUP TRUCK - STANDARD,4.0,6,A5,X,15.6,11.5,13.8,20,317
2001,FORD,RANGER 4X4,PICKUP TRUCK - STANDARD,4.0,6,M5,X,15.2,11.2,13.4,21,308
2001,FORD,TAURUS,MID-SIZE,3.0,6,A4,X,13.0,8.0,10.8,26,248
2001,FORD,TAURUS #,MID-SIZE,3.0,6,A4,X,12.0,8.0,10.2,28,235
2001,FORD,TAURUS WAGON,STATION WAGON - MID-SIZE,3.0,6,A4,X,13.3,8.3,11.0,26,253
2001,FORD,TAURUS WAGON #,STATION WAGON - MID-SIZE,3.0,6,A4,X,12.7,8.4,10.8,26,248
2001,FORD,WINDSTAR WAGON,MINIVAN,3.8,6,A4,X,13.3,9.1,11.4,25,262
2001,GMC,C1500 SIERRA,PICKUP TRUCK - STANDARD,4.3,6,A4,X,14.3,10.0,12.4,23,285
2001,GMC,C1500 SIERRA,PICKUP TRUCK - STANDARD,4.3,6,M5,X,15.4,10.8,13.3,21,306
2001,GMC,C1500 SIERRA,PICKUP TRUCK - STANDARD,4.8,8,A4,X,15.3,10.8,13.3,21,306
2001,GMC,C1500 SIERRA,PICKUP TRUCK - STANDARD,4.8,8,M5,X,16.8,10.9,14.1,20,324
2001,GMC,C1500 SIERRA,PICKUP TRUCK - STANDARD,5.3,8,A4,X,15.8,11.7,14.0,20,322
2001,GMC,C1500 YUKON,SUV,4.8,8,A4,X,15.8,11.0,13.6,21,313
2001,GMC,C1500 YUKON,SUV,5.3,8,A4,X,16.9,12.7,15.0,19,345
2001,GMC,C1500 YUKON XL,SUV,5.3,8,A4,X,16.9,12.7,15.0,19,345
2001,GMC,G15/G25 SAVANA CARGO,VAN - CARGO,4.3,6,A4,X,16.0,11.9,14.2,20,327
2001,GMC,G15/G25 SAVANA CARGO,VAN - CARGO,5.0,8,A4,X,16.9,12.5,14.9,19,343
2001,GMC,G15/G25 SAVANA CARGO,VAN - CARGO,5.7,8,A4,X,17.4,12.7,15.3,18,352
2001,GMC,G1500/G2500 SAVANA PASSENGER,VAN - PASSENGER,4.3,6,A4,X,16.5,12.2,14.6,19,336
2001,GMC,G1500/G2500 SAVANA PASSENGER,VAN - PASSENGER,5.0,8,A4,X,16.9,12.5,14.9,19,343
2001,GMC,G1500/G2500 SAVANA PASSENGER,VAN - PASSENGER,5.7,8,A4,X,18.0,12.8,15.7,18,361
2001,GMC,JIMMY,SUV,4.3,6,A4,X,13.8,9.7,12.0,24,276
2001,GMC,JIMMY,SUV,4.3,6,M5,X,15.3,10.4,13.1,22,301
2001,GMC,JIMMY 4X4,SUV,4.3,6,A4,X,15.5,10.9,13.4,21,308
2001,GMC,JIMMY 4X4,SUV,4.3,6,M5,X,16.9,12.4,14.9,19,343
2001,GMC,K1500 SIERRA 4X4,PICKUP TRUCK - STANDARD,4.3,6,A4,X,15.5,10.9,13.4,21,308
2001,GMC,K1500 SIERRA 4X4,PICKUP TRUCK - STANDARD,4.3,6,M5,X,16.9,12.4,14.9,19,343
2001,GMC,K1500 SIERRA 4X4,PICKUP TRUCK - STANDARD,4.8,8,A4,X,15.4,11.6,13.7,21,315
2001,GMC,K1500 SIERRA 4X4,PICKUP TRUCK - STANDARD,4.8,8,M5,X,18.4,12.6,15.8,18,363
2001,GMC,K1500 SIERRA 4X4,PICKUP TRUCK - STANDARD,5.3,8,A4,X,16.2,12.4,14.5,19,334
2001,GMC,K1500 SIERRA 4X4,PICKUP TRUCK - STANDARD,6.0,8,A4,X,21.1,15.4,18.5,15,426
2001,GMC,K1500 YUKON 4X4,SUV,4.8,8,A4,X,17.1,12.5,15.0,19,345
2001,GMC,K1500 YUKON 4X4,SUV,5.3,8,A4,X,17.3,13.2,15.5,18,356
2001,GMC,K1500 YUKON 4X4,SUV,6.0,8,A4,X,20.4,14.0,17.5,16,402
2001,GMC,K1500 YUKON XL 4X4,SUV,5.3,8,A4,X,17.3,13.2,15.5,18,356
2001,GMC,K1500 YUKON XL 4X4,SUV,6.0,8,A4,X,20.4,14.0,17.5,16,402
2001,GMC,SAFARI CARGO,VAN - CARGO,4.3,6,A4,X,13.8,9.7,12.0,24,276
2001,GMC,SAFARI CARGO AWD,VAN - CARGO,4.3,6,A4,X,15.5,10.9,13.4,21,308
2001,GMC,SAFARI PASSENGER,VAN - PASSENGER,4.3,6,A4,X,14.3,10.0,12.4,23,285
2001,GMC,SAFARI PASSENGER AWD,VAN - PASSENGER,4.3,6,A4,X,16.1,11.8,14.2,20,327
2001,GMC,SONOMA,PICKUP TRUCK - SMALL,4.3,6,A4,X,13.8,9.7,12.0,24,276
2001,GMC,SONOMA,PICKUP TRUCK - SMALL,4.3,6,M5,X,15.3,10.1,13.0,22,299
2001,GMC,SONOMA 4X4,PICKUP TRUCK - STANDARD,4.3,6,A4,X,16.4,12.4,14.6,19,336
2001,GMC,SONOMA 4X4,PICKUP TRUCK - STANDARD,4.3,6,M5,X,16.8,12.2,14.7,19,338
2001,GMC,SONOMA FFV,PICKUP TRUCK - SMALL,2.2,4,A4,X,12.6,8.5,10.8,26,248
2001,GMC,SONOMA FFV,PICKUP TRUCK - SMALL,2.2,4,A4,E,17.7,12.2,15.2,19,243
2001,GMC,SONOMA FFV,PICKUP TRUCK - SMALL,2.2,4,M5,X,11.5,7.8,9.8,29,225
2001,GMC,SONOMA FFV,PICKUP TRUCK - SMALL,2.2,4,M5,E,15.6,11.0,13.5,21,216
2001,HONDA,ACCORD,MID-SIZE,2.3,4,A4,X,10.4,7.2,9.0,31,207
2001,HONDA,ACCORD,MID-SIZE,2.3,4,M5,X,9.6,6.8,8.3,34,191
2001,HONDA,ACCORD,MID-SIZE,3.0,6,A4,X,11.7,7.6,9.9,29,228
2001,HONDA,CIVIC,COMPACT,1.7,4,A4,X,8.0,5.8,7.0,40,161
2001,HONDA,CIVIC,COMPACT,1.7,4,M5,X,7.4,5.7,6.6,43,152
2001,HONDA,CIVIC Si/Si-G,COMPACT,1.7,4,A4,X,8.0,6.0,7.1,40,163
2001,HONDA,CIVIC Si/Si-G,COMPACT,1.7,4,M5,X,7.7,6.2,7.0,40,161
2001,HONDA,CR-V,SUV,2.0,4,A4,X,11.0,8.9,10.1,28,232
2001,HONDA,CR-V,SUV,2.0,4,M5,X,11.0,8.9,10.1,28,232
2001,HONDA,INSIGHT,TWO-SEATER,1.0,3,M5,X,3.9,3.2,3.6,78,83
2001,HONDA,ODYSSEY,MINIVAN,3.5,6,A4,X,13.3,8.6,11.2,25,258
2001,HONDA,PRELUDE,SUBCOMPACT,2.2,4,AS4,Z,11.2,8.2,9.8,29,225
2001,HONDA,PRELUDE,SUBCOMPACT,2.2,4,M5,Z,10.6,8.1,9.5,30,218
2001,HONDA,S2000,TWO-SEATER,2.0,4,M6,Z,11.7,8.4,10.2,28,235
2001,HYUNDAI,ACCENT,COMPACT,1.5,4,A4,X,9.4,6.2,8.0,35,184
2001,HYUNDAI,ACCENT,COMPACT,1.5,4,M5,X,8.3,6.0,7.3,39,168
2001,HYUNDAI,ACCENT,COMPACT,1.6,4,A4,X,9.4,6.1,7.9,36,182
2001,HYUNDAI,ACCENT,COMPACT,1.6,4,M5,X,8.7,5.8,7.4,38,170
2001,HYUNDAI,ELANTRA,COMPACT,2.0,4,A4,X,9.6,6.5,8.2,34,189
2001,HYUNDAI,ELANTRA,COMPACT,2.0,4,M5,X,9.6,6.5,8.2,34,189
2001,HYUNDAI,SANTA FE,SUV,2.7,6,A4,X,12.6,9.3,11.1,25,255
2001,HYUNDAI,SONATA 2.4L,MID-SIZE,2.4,4,A4,X,11.4,7.7,9.7,29,223
2001,HYUNDAI,SONATA 2.5L,MID-SIZE,2.5,6,A4,X,11.9,7.9,10.1,28,232
2001,HYUNDAI,TIBURON,SUBCOMPACT,2.0,4,A4,X,11.0,7.2,9.3,30,214
2001,HYUNDAI,TIBURON,SUBCOMPACT,2.0,4,M5,X,10.1,6.9,8.7,32,200
2001,HYUNDAI,XG300,MID-SIZE,3.0,6,A5,X,12.6,8.0,10.5,27,242
2001,INFINITI,G20,COMPACT,2.0,4,A4,X,10.2,7.1,8.8,32,202
2001,INFINITI,G20,COMPACT,2.0,4,M5,X,10.0,6.9,8.6,33,198
2001,INFINITI,I30,MID-SIZE,3.0,6,A4,X,12.1,8.1,10.3,27,237
2001,INFINITI,Q45,MID-SIZE,4.1,8,A4,Z,13.4,9.3,11.6,24,267
2001,INFINITI,QX4 4X4,SUV,3.5,6,A4,X,15.6,11.9,13.9,20,320
2001,ISUZU,RODEO 4X4,SUV,3.2,6,A4,X,14.5,10.6,12.7,22,292
2001,ISUZU,RODEO 4X4,SUV,3.2,6,M5,X,14.6,10.7,12.8,22,294
2001,ISUZU,TROOPER 4X4,SUV,3.5,6,A4,X,15.6,11.4,13.7,21,315
2001,ISUZU,TROOPER 4X4,SUV,3.5,6,M5,X,15.9,11.7,14.0,20,322
2001,JAGUAR,S-TYPE,MID-SIZE,3.0,6,A5,Z,13.3,8.4,11.1,25,255
2001,JAGUAR,S-TYPE,MID-SIZE,4.0,8,A5,Z,13.6,8.9,11.5,25,264
2001,JAGUAR,VANDEN PLAS,MID-SIZE,4.0,8,A5,Z,13.7,9.1,11.6,24,267
2001,JAGUAR,XJ8,COMPACT,4.0,8,A5,Z,13.7,9.1,11.6,24,267
2001,JAGUAR,XJ8L,MID-SIZE,4.0,8,A5,Z,13.7,9.1,11.6,24,267
2001,JAGUAR,XJR #,COMPACT,4.0,8,A5,Z,14.6,9.9,12.5,23,288
2001,JAGUAR,XK8,SUBCOMPACT,4.0,8,A5,Z,13.7,9.1,11.6,24,267
2001,JAGUAR,XK8 CONVERTIBLE,MINICOMPACT,4.0,8,A5,Z,13.7,9.1,11.6,24,267
2001,JAGUAR,XKR #,SUBCOMPACT,4.0,8,A5,Z,14.6,9.9,12.5,23,288
2001,JAGUAR,XKR CONVERTIBLE #,MINICOMPACT,4.0,8,A5,Z,14.6,9.9,12.5,23,288
2001,JEEP,CHEROKEE 4X4,SUV,4.0,6,A4,X,15.6,10.9,13.5,21,310
2001,JEEP,CHEROKEE 4X4,SUV,4.0,6,M5,X,13.6,9.8,11.9,24,274
2001,JEEP,GRAND CHEROKEE 4X4,SUV,4.0,6,A4,X,14.9,10.6,13.0,22,299
2001,JEEP,GRAND CHEROKEE 4X4,SUV,4.7,8,A5,X,16.6,11.3,14.2,20,327
2001,JEEP,LIBERTY 4X4,SUBCOMPACT,3.7,6,A4,Z,14.8,11.0,13.1,22,301
2001,JEEP,TJ 4X4,SUV,2.5,4,A3,X,14.7,11.9,13.4,21,308
2001,JEEP,TJ 4X4,SUV,2.5,4,M5,X,12.6,10.8,11.8,24,271
2001,JEEP,TJ 4X4,SUV,4.0,6,A3,X,15.7,12.4,14.2,20,327
2001,JEEP,TJ 4X4,SUV,4.0,6,M5,X,15.0,11.5,13.4,21,308
2001,KIA,MAGENTIS,COMPACT,2.4,4,A4,X,11.8,8.1,10.1,28,232
2001,KIA,MAGENTIS,COMPACT,2.4,4,M5,X,11.0,7.7,9.5,30,218
2001,KIA,MAGENTIS,COMPACT,2.5,6,A4,X,12.3,8.6,10.6,27,244
2001,KIA,MAGENTIS,COMPACT,2.5,6,M5,X,11.3,8.2,9.9,29,228
2001,KIA,RIO,SUBCOMPACT,1.5,4,A4,X,9.3,6.9,8.2,34,189
2001,KIA,RIO,SUBCOMPACT,1.5,4,M5,X,8.6,6.8,7.8,36,179
2001,KIA,SEPHIA,COMPACT,1.8,4,A4,X,10.7,7.0,9.0,31,207
2001,KIA,SEPHIA,COMPACT,1.8,4,M5,X,10.3,7.5,9.0,31,207
2001,KIA,SPORTAGE,SUV,2.0,4,A4,X,13.0,10.0,11.6,24,267
2001,KIA,SPORTAGE,SUV,2.0,4,M5,X,11.8,9.7,10.9,26,251
2001,LEXUS,ES 300,COMPACT,3.0,6,A4,X,12.3,8.2,10.5,27,242
2001,LEXUS,GS 300,MID-SIZE,3.0,6,AS5,Z,13.3,9.0,11.4,25,262
2001,LEXUS,GS 430,MID-SIZE,4.3,8,A5,Z,12.9,9.4,11.3,25,260
2001,LEXUS,IS 300,SUBCOMPACT,3.0,6,AS5,Z,13.3,9.4,11.5,25,264
2001,LEXUS,LS 430,FULL-SIZE,4.3,8,A5,Z,12.8,8.8,11.0,26,253
2001,LEXUS,LX 470,SUV,4.7,8,A4,X,18.3,13.7,16.2,17,373
2001,LEXUS,RX 300,SUV,3.0,6,A4,X,12.7,9.3,11.2,25,258
2001,LEXUS,RX 300 4X4,SUV,3.0,6,A4,X,13.0,9.7,11.5,25,264
2001,LINCOLN,CONTINENTAL,FULL-SIZE,4.6,8,A4,Z,13.6,8.6,11.4,25,262
2001,LINCOLN,LS,MID-SIZE,3.0,6,A5,Z,14.0,8.8,11.7,24,269
2001,LINCOLN,LS,MID-SIZE,3.0,6,M5,Z,13.0,8.5,11.0,26,253
2001,LINCOLN,LS,MID-SIZE,3.9,8,A5,Z,14.1,9.1,11.8,24,271
2001,LINCOLN,LS,MID-SIZE,3.9,8,A5,Z,14.2,9.1,11.9,24,274
2001,LINCOLN,NAVIGATOR 4X4,SUV,5.4,8,A4,Z,20.4,13.7,17.4,16,400
2001,LINCOLN,TOWN CAR,FULL-SIZE,4.6,8,A4,X,13.3,8.6,11.2,25,258
2001,MAZDA,626,MID-SIZE,2.0,4,A4,X,11.3,7.9,9.8,29,225
2001,MAZDA,626,MID-SIZE,2.0,4,M5,X,9.4,6.8,8.2,34,189
2001,MAZDA,626,MID-SIZE,2.5,6,A4,Z,12.2,8.5,10.5,27,242
2001,MAZDA,626,MID-SIZE,2.5,6,M5,Z,11.8,8.5,10.3,27,237
2001,MAZDA,B3000,PICKUP TRUCK - STANDARD,3.0,6,A5,X,14.3,10.2,12.5,23,288
2001,MAZDA,B3000,PICKUP TRUCK - STANDARD,3.0,6,M5,X,13.6,9.6,11.8,24,271
2001,MAZDA,B4000,PICKUP TRUCK - STANDARD,4.0,6,A5,X,14.7,10.5,12.8,22,294
2001,MAZDA,B4000,PICKUP TRUCK - STANDARD,4.0,6,M5,X,13.8,10.2,12.2,23,281
2001,MAZDA,B4000 4X4,PICKUP TRUCK - STANDARD,4.0,6,A5,X,15.6,11.5,13.8,20,317
2001,MAZDA,B4000 4X4,PICKUP TRUCK - STANDARD,4.0,6,M5,X,15.2,11.2,13.4,21,308
2001,MAZDA,MILLENIA,COMPACT,2.5,6,A4,Z,12.3,8.3,10.5,27,242
2001,MAZDA,MILLENIA #,COMPACT,2.3,6,A4,Z,12.2,8.0,10.3,27,237
2001,MAZDA,MPV,MINIVAN,2.5,6,A4,X,13.6,9.9,11.9,24,274
2001,MAZDA,MX-5 MIATA,TWO-SEATER,1.8,4,A4,Z,10.6,7.8,9.3,30,214
2001,MAZDA,MX-5 MIATA,TWO-SEATER,1.8,4,M5,Z,10.2,7.7,9.1,31,209
2001,MAZDA,MX-5 MIATA,TWO-SEATER,1.8,4,M6,Z,10.4,7.8,9.2,31,212
2001,MAZDA,PROTEGE,COMPACT,1.6,4,A4,X,9.3,6.9,8.2,34,189
2001,MAZDA,PROTEGE,COMPACT,1.6,4,M5,X,8.5,6.7,7.7,37,177
2001,MAZDA,PROTEGE,COMPACT,2.0,4,A4,X,9.9,7.4,8.8,32,202
2001,MAZDA,PROTEGE,COMPACT,2.0,4,M5,X,9.6,7.3,8.6,33,198
